as_of_date,target_date,acute_load_7,chronic_load_28,atl_ctl_ratio,days_since_last_hard,streak_length,trained_today,trained_hard_today,trained_days_2,trained_both_days_2,trained_days_7,trained_days_30,moving_time_acute_7,moving_time_chronic_28,today_relative_effort,dow_train_rate,month_train_rate,day_of_week,trained_last_weekend,month,season,days_since_last_long_ride,forecast_temp_high,forecast_temp_low,forecast_precip_probability,forecast_rain_expected,forecast_wind_speed,forecast_temp_high_vs_seasonal,forecast_temp_low_vs_seasonal,forecast_precip_probability_vs_seasonal,forecast_wind_speed_vs_seasonal,forecast_precip_morning,forecast_precip_midday,forecast_precip_evening,will_train_tomorrow,next_day_relative_effort
2024-09-26,2024-09-27,31.0,31.0,1.0,999,1,1,0,1.0,0,1.0,1.0,2259.0,2259.0,31.0,0.5,1.0,4,False,9,3,999,17.4,10.1,20.833333333333336,1,13.5,-1.5983713355048863,0.5791530944625407,-1.3165038002171556,1.7960912052117255,0.0,71.42857142857143,0.0,1,13.0
2024-09-27,2024-09-28,26.5,29.758620689655174,0.8904982618771726,999,2,1,0,2.0,1,2.0,2.0,1943.5,2171.9655172413795,13.0,0.5,1.0,5,False,9,3,999,17.5,7.4,0.0,0,8.9,-1.3143322475570045,-1.9830618892508127,-22.13626492942454,-2.796416938110749,0.0,0.0,0.0,1,263.0
2024-09-28,2024-09-29,85.625,45.84423305588585,1.8677376475165348,0,3,1,1,2.0,1,3.0,3.0,3738.375,2651.3472057074914,263.0,0.5,1.0,6,False,9,3,999,15.5,8.9,4.166666666666666,1,10.6,-3.124755700325732,-0.32833876221498315,-17.956026058631927,-1.0843648208469077,0.0,0.0,0.0,0,0.0
2024-09-29,2024-09-30,64.21875,42.682561810652345,1.5045664382772086,1,0,0,0,1.0,0,3.0,3.0,2803.78125,2468.4956742793884,0.0,0.5,0.75,0,False,9,3,999,18.9,4.2,0.0,0,9.4,0.4547231270358303,-4.870684039087947,-22.25841476655809,-2.341693811074917,0.0,0.0,0.0,0,0.0
2024-09-30,2024-10-01,48.1640625,39.73893685819356,1.2120118530566402,2,0,0,0,0.0,0,3.0,3.0,2102.8359375,2298.2545932946027,0.0,0.5,0.5,1,True,10,3,999,20.6,7.1,8.333333333333332,1,9.7,2.3605863192182426,-1.8166123778501628,-14.210097719869708,-2.0609120521172652,0.0,0.0,40.0,0,0.0
2024-10-01,2024-10-02,36.123046875,36.99832052314573,0.9763428816289602,3,0,0,0,0.0,0,3.0,3.0,1577.126953125,2139.7542765156645,0.0,0.5,0.0,2,True,10,3,999,16.0,8.1,16.666666666666664,1,12.1,-2.003583061889252,-0.6732899022801302,-6.392508143322477,0.29706840390879385,0.0,42.857142857142854,0.0,0,0.0
2024-10-02,2024-10-03,27.09228515625,34.44671221120464,0.7864984324233292,4,0,0,0,0.0,0,3.0,3.0,1182.84521484375,1992.1850160663082,0.0,1.0,0.0,3,True,10,3,999,19.3,3.4,0.0,0,10.7,1.4508143322475568,-5.239739413680782,-23.194896851248643,-1.0973941368078197,0.0,0.0,0.0,0,0.0
2024-10-03,2024-10-04,20.3192138671875,32.07107688629397,0.6335681816743486,5,0,0,0,0.0,0,2.0,3.0,887.1339111328125,1854.7929459927695,0.0,1.0,0.0,4,True,10,3,999,15.7,7.9,45.83333333333333,1,20.4,-1.9680781758957657,-0.6439739413680776,21.742671009771982,8.484690553745926,25.0,85.71428571428571,80.0,0,0.0
2024-10-04,2024-10-05,15.239410400390625,29.859278480342663,0.510374368571003,6,0,0,0,0.0,0,1.0,3.0,665.3504333496094,1726.8761910967164,0.0,1.0,0.0,5,True,10,3,999,,,,0,,,,,,,,,1,6.0
2024-10-05,2024-10-06,12.929557800292969,28.21381099893972,0.45827051867537016,7,1,1,0,1.0,0,1.0,4.0,698.262825012207,1662.7467986072877,6.0,0.0,0.2,6,True,10,3,999,19.1,7.2,0.0,0,7.2,1.8583061889250843,-1.0964169381107487,-25.66503800217155,-4.920521172638437,0.0,0.0,0.0,0,0.0
2024-10-06,2024-10-07,9.697168350219727,26.268030930047324,0.3691623622662704,8,0,0,0,1.0,0,1.0,4.0,523.6971187591553,1548.0746055998884,0.0,0.0,0.16666666666666666,0,True,10,3,999,23.3,7.0,0.0,0,9.5,6.311074918566774,-1.1566775244299663,-26.397937024972858,-2.674592833876222,0.0,0.0,0.0,0,0.0
2024-10-07,2024-10-08,7.272876262664795,24.45644259004406,0.2973807918256067,9,0,0,0,0.0,0,1.0,4.0,392.77283906936646,1441.3108396964478,0.0,0.0,0.14285714285714285,1,True,10,3,999,19.9,11.6,29.166666666666668,1,14.7,3.152768729641693,3.6237785016286646,2.75515743756786,2.4944625407166097,25.0,14.285714285714285,40.0,0,0.0
2024-10-08,2024-10-09,5.454657196998596,22.769791376937572,0.23955674897062765,10,0,0,0,0.0,0,1.0,4.0,294.57962930202484,1341.9100921311756,0.0,0.0,0.125,2,True,10,3,999,17.1,10.0,25.0,1,10.9,0.6218241042345269,2.175895765472313,-1.8322475570032566,-1.3114006514657959,25.0,0.0,0.0,0,0.0
2024-10-09,2024-10-10,4.090992897748947,21.199460937148775,0.1929762700041167,11,0,0,0,0.0,0,1.0,4.0,220.93472197651863,1249.364568535922,0.0,0.5,0.1111111111111111,3,True,10,3,999,16.0,7.7,0.0,0,9.6,-0.196416938110751,0.027361563517915855,-27.117263843648207,-2.644299674267101,0.0,0.0,0.0,1,111.0
2024-10-10,2024-10-11,30.81824467331171,27.392601562172995,1.1250572386621815,0,1,1,1,1.0,0,2.0,5.0,1325.451041482389,1483.132529326548,111.0,0.5,0.2,4,True,10,3,999,15.1,5.0,0.0,0,5.1,-0.865146579804561,-2.5221498371335507,-27.673724212812157,-7.243648208469056,0.0,0.0,0.0,1,250.0
2024-10-11,2024-10-12,85.61368350498378,42.744835937195546,2.002901207312502,0,2,1,1,2.0,1,3.0,6.0,7794.088281111792,3256.709596269545,250.0,1.0,0.2727272727272727,5,True,10,3,0,20.4,6.4,0.0,0,9.5,4.608794788273613,-0.9716612377850158,-27.86373507057546,-2.8732899022801295,0.0,0.0,0.0,0,0.0
2024-10-12,2024-10-13,64.21026262873784,39.796916217388954,1.6134481947795156,1,0,0,0,1.0,0,2.0,6.0,5845.566210833844,3032.108934457852,0.0,0.0,0.25,6,True,10,3,1,21.3,7.4,0.0,0,12.0,5.705537459283388,0.17687296416938114,-28.148751357220412,-0.41237785016286566,0.0,0.0,0.0,0,0.0
2024-10-13,2024-10-14,48.15769697155338,37.052301305844885,1.2997221569057211,2,0,0,0,0.0,0,2.0,6.0,4384.174658125383,2822.9979734607587,0.0,0.0,0.23076923076923078,0,True,10,3,2,19.8,10.5,37.5,1,11.3,4.374918566775245,3.3892508143322475,8.93051031487514,-1.2221498371335482,0.0,14.285714285714285,100.0,0,0.0
2024-10-14,2024-10-15,36.11827272866503,34.49697018130386,1.046998404174053,3,0,0,0,0.0,0,2.0,6.0,3288.130993594037,2628.3084580496716,0.0,0.0,0.21428571428571427,1,False,10,3,3,12.5,10.2,70.83333333333334,1,10.9,-2.7514657980456043,3.236482084690553,42.16883821932683,-1.7224755700325733,75.0,57.14285714285714,60.0,0,0.0
2024-10-15,2024-10-16,27.088704546498775,32.1178687894898,0.8434153811402094,4,0,0,0,0.0,0,2.0,6.0,2466.098245195528,2447.0458057703836,0.0,0.0,0.2,2,False,10,3,4,12.6,8.0,70.83333333333334,1,13.9,-2.4576547231270354,1.1807817589576546,42.06026058631923,1.2563517915309461,50.0,100.0,40.0,0,0.0
2024-10-16,2024-10-17,20.31652840987408,29.90284335573188,0.6794179459185021,5,0,0,0,0.0,0,2.0,6.0,1849.573683896646,2278.284026062081,0.0,0.6666666666666666,0.1875,3,False,10,3,5,11.0,6.8,70.83333333333334,1,14.9,-3.9058631921824123,0.1228013029315953,41.815960912052134,2.22671009771987,100.0,100.0,60.0,1,3.0
2024-10-17,2024-10-18,15.987396307405561,28.047474848440025,0.5700119669879931,6,1,1,0,1.0,0,2.0,7.0,1893.4302629224844,2260.8161621957306,3.0,0.6666666666666666,0.23529411764705882,4,False,10,3,6,11.4,6.7,25.0,1,16.2,-3.3719869706840395,0.13257328990228068,-4.071661237785015,3.492182410423455,0.0,42.857142857142854,40.0,0,0.0
2024-10-18,2024-10-19,11.99054723055417,26.11316623820278,0.4591763067403278,7,0,0,0,1.0,0,1.0,7.0,1420.0726971918634,2104.8978061822318,0.0,0.6666666666666666,0.2222222222222222,5,False,10,3,7,15.6,10.0,75.0,1,21.1,1.0133550488599354,3.5426710097719862,45.67046688382193,8.326384364820848,50.0,71.42857142857143,100.0,1,279.0
2024-10-19,2024-10-20,78.74291042291563,43.55363753211982,1.8079525588383867,0,1,1,1,1.0,0,2.0,8.0,6662.804522893897,3503.939336790354,279.0,0.0,0.2631578947368421,6,False,10,3,8,19.8,10.6,41.66666666666667,1,19.6,5.395439739413678,4.286644951140064,12.690010857763308,6.826058631921827,0.0,14.285714285714285,60.0,0,0.0
2024-10-20,2024-10-21,59.05718281718672,40.549938391973626,1.456406227953145,1,0,0,0,1.0,0,2.0,8.0,4997.103392170423,3262.2883480461915,0.0,0.0,0.25,0,False,10,3,9,12.6,8.4,66.66666666666666,1,13.9,-1.620846905537464,2.2052117263843645,37.907166123778495,1.126384364820849,75.0,100.0,100.0,0,0.0
2024-10-21,2024-10-22,44.29288711289004,37.7533909166651,1.1732161280733668,2,0,0,0,0.0,0,2.0,8.0,3747.8275441278174,3037.3029447326608,0.0,0.0,0.23809523809523808,1,True,10,3,10,13.7,6.5,0.0,0,12.7,-0.32410423452768633,0.43583061889250807,-29.071661237785015,-0.10130293159609138,0.0,0.0,0.0,0,0.0
2024-10-22,2024-10-23,33.21966533466753,35.1497087844813,0.9450907698368788,3,0,0,0,0.0,0,2.0,8.0,2810.8706580958633,2827.8337761304083,0.0,0.0,0.22727272727272727,2,True,10,3,11,9.6,4.9,20.833333333333336,1,8.8,-4.238762214983714,-1.0087947882736152,-8.346905537459282,-4.021172638436479,0.0,71.42857142857143,0.0,1,4.0
2024-10-23,2024-10-24,25.91474900100065,33.001453006241206,0.7852608488510998,4,1,1,0,1.0,0,3.0,9.0,2667.6529935718972,2787.155584673139,4.0,0.75,0.2608695652173913,3,True,10,3,12,12.1,5.2,12.5,1,9.2,-1.544625407166123,-0.5488599348534207,-16.558089033659062,-3.6192182410423452,75.0,0.0,0.0,1,5.0
2024-10-24,2024-10-25,20.68606175075049,31.070318316155607,0.6657820991809529,5,2,1,0,2.0,1,3.0,10.0,2699.489745178923,2787.6965788336124,5.0,0.5,0.2916666666666667,4,True,10,3,13,16.7,3.0,0.0,0,21.5,3.2980392156862735,-2.575816993464052,-29.46623093681917,8.710130718954249,0.0,0.0,0.0,0,0.0
2024-10-25,2024-10-26,15.514546313062867,28.92753774262763,0.5363244687846566,6,0,0,0,1.0,0,3.0,10.0,2024.6173088841922,2595.441642362329,0.0,0.75,0.28,5,True,10,3,14,14.6,9.1,83.33333333333334,1,23.7,1.4059016393442612,3.6783606557377038,53.90710382513662,10.971803278688524,100.0,85.71428571428571,60.0,0,0.0
2024-10-26,2024-10-27,11.635909734797151,26.932535139687793,0.43203915540986226,7,0,0,0,0.0,0,2.0,9.0,1518.462981663144,2416.4456670269956,0.0,0.0,0.2692307692307692,6,True,10,3,15,13.1,8.1,83.33333333333334,1,20.9,0.05770491803278688,2.8029508196721302,54.3032786885246,8.135409836065573,75.0,57.14285714285714,100.0,0,0.0
2024-10-27,2024-10-28,8.726932301097863,25.0751189231576,0.3480315418579446,8,0,0,0,0.0,0,2.0,8.0,1138.847236247358,2249.7942417147888,0.0,0.0,0.25925925925925924,0,True,10,3,16,11.1,7.3,58.333333333333336,1,15.9,-1.8029508196721302,2.127540983606557,29.617486338797814,3.155409836065573,25.0,85.71428571428571,40.0,0,0.0
2024-10-28,2024-10-29,6.5451992258233975,23.34580037673294,0.28035874205223316,9,0,0,0,0.0,0,2.0,7.0,854.1354271855186,2094.6360181482514,0.0,0.0,0.25,1,False,10,3,17,10.7,5.9,33.33333333333333,1,10.1,-2.0249180327868874,0.8498360655737711,4.398907103825131,-2.635737704918034,50.0,42.857142857142854,0.0,0,0.0
2024-10-29,2024-10-30,4.908899419367549,21.735745178337563,0.2258445422087434,10,0,0,0,0.0,0,2.0,7.0,640.6015703891389,1950.178361724234,0.0,0.25,0.2413793103448276,2,False,10,3,18,10.7,4.8,45.83333333333333,1,17.0,-1.8636065573770502,-0.1321311475409832,16.48907103825136,4.188196721311476,0.0,57.14285714285714,100.0,0,0.0
2024-10-30,2024-10-31,3.6816745645256614,20.236728269486697,0.1819303256681544,11,0,0,0,0.0,0,1.0,7.0,480.4511777918542,1815.6833022949766,0.0,0.8,0.23333333333333334,3,False,10,3,19,10.9,4.3,62.5,1,15.9,-1.4557377049180324,-0.5550819672131144,32.568306010928964,2.9462295081967227,25.0,28.57142857142857,80.0,1,53.0
2024-10-31,2024-11-01,16.011255923394245,22.496264250901408,0.7117295451733808,0,1,1,1,1.0,0,1.0,8.0,2338.0883833438907,2236.0499711022194,53.0,0.4,0.5,4,False,11,3,20,8.5,5.7,91.66666666666666,1,17.5,-3.6632786885245903,0.9619672131147547,61.54371584699453,4.427540983606557,100.0,100.0,80.0,0,0.0
2024-11-01,2024-11-02,12.008441942545684,20.944797750839243,0.5733376891674457,1,0,0,0,1.0,0,1.0,8.0,1753.5662875079179,2081.8396282675835,0.0,0.6,0.0,5,False,11,3,21,10.2,6.8,83.33333333333334,1,12.2,-1.7947540983606576,2.2291803278688525,53.2377049180328,-0.9059016393442629,100.0,100.0,60.0,0,0.0
2024-11-02,2024-11-03,9.006331456909262,19.500328940436535,0.46185536071822003,2,0,0,0,0.0,0,1.0,8.0,1315.1747156309384,1938.2644814905088,0.0,0.0,0.0,6,False,11,3,22,9.7,7.0,45.83333333333333,1,11.1,-2.108196721311476,2.5757377049180326,15.150273224043715,-2.0373770491803267,50.0,85.71428571428571,20.0,0,0.0
2024-11-03,2024-11-04,6.754748592681946,18.155478668682292,0.37205015168967726,3,0,0,0,0.0,0,1.0,8.0,986.3810367232038,1804.591068973922,0.0,0.0,0.0,0,False,11,3,23,12.3,6.3,54.166666666666664,1,26.4,0.646229508196722,2.009180327868852,23.538251366120218,13.23934426229508,75.0,85.71428571428571,40.0,1,194.0
2024-11-04,2024-11-05,53.56606144451146,30.282687036359377,1.7688675176082143,0,1,1,1,1.0,0,2.0,8.0,3064.7857775424027,2321.515822837789,194.0,0.0,0.25,1,False,11,3,0,9.3,3.2,12.5,1,13.7,-2.1836065573770487,-1.0045901639344264,-18.483606557377048,0.487868852459016,0.0,28.57142857142857,20.0,1,157.0
2024-11-05,2024-11-06,79.4245460833836,39.02181206833459,2.0353884628498586,0,2,1,1,2.0,1,3.0,9.0,4622.089333156802,2802.3768005731135,157.0,0.2,0.4,2,False,11,3,1,11.7,1.6,0.0,0,7.7,0.4104918032786866,-2.533770491803278,-31.516393442622952,-5.5445901639344255,0.0,0.0,0.0,0,0.0
2024-11-06,2024-11-07,59.5684095625377,36.330652615346,1.6396184839623862,1,0,0,0,1.0,0,3.0,9.0,3466.5669998676017,2609.109435016347,0.0,0.8333333333333334,0.3333333333333333,3,False,11,3,2,13.6,2.6,0.0,0,10.6,2.477049180327869,-1.4409836065573773,-31.93989071038251,-2.6963934426229503,0.0,0.0,0.0,1,60.0
2024-11-07,2024-11-08,59.676307171903275,37.963021400494554,1.5719588423255968,0,1,1,1,1.0,0,3.0,10.0,3168.175249900701,2585.929473980737,60.0,0.3333333333333333,0.42857142857142855,4,False,11,3,3,15.4,5.4,0.0,0,11.7,4.444918032786886,1.468524590163935,-32.39071038251366,-1.6514754098360669,0.0,0.0,0.0,1,3.0
2024-11-08,2024-11-09,45.50723037892746,35.55177854528803,1.2800268296270345,1,2,1,0,2.0,1,4.0,11.0,2895.8814374255257,2550.968820602755,3.0,0.5,0.5,5,False,11,3,4,11.5,7.4,37.5,1,10.2,0.6806557377049174,3.5511475409836066,4.795081967213115,-3.1908196721311484,0.0,42.857142857142854,100.0,0,0.0
2024-11-09,2024-11-10,34.130422784195595,33.09993174906127,1.0311327238662222,2,0,0,0,1.0,0,4.0,10.0,2171.9110780691444,2375.0399364232544,0.0,0.0,0.4444444444444444,6,False,11,3,5,14.1,8.1,20.833333333333336,1,18.8,3.4134426229508197,4.311475409836065,-11.734972677595621,5.364590163934427,0.0,0.0,0.0,0,0.0
2024-11-10,2024-11-11,25.597817088146698,30.817177835332906,0.8306346942255679,3,0,0,0,0.0,0,4.0,9.0,1628.9333085518583,2211.244078738892,0.0,0.16666666666666666,0.4,0,False,11,3,6,9.8,6.6,95.83333333333334,1,19.7,-0.7426229508196709,2.8839344262295077,62.97814207650275,6.262295081967212,100.0,100.0,80.0,0,0.0
2024-11-11,2024-11-12,19.198362816110023,28.6918552259996,0.6691223925705965,4,0,0,0,0.0,0,3.0,9.0,1221.6999814138937,2058.744487101727,0.0,0.16666666666666666,0.36363636363636365,1,False,11,3,7,11.2,7.1,54.166666666666664,1,23.7,0.8259016393442611,3.4881967213114753,21.243169398907106,10.280327868852458,0.0,28.57142857142857,80.0,0,0.0
2024-11-12,2024-11-13,14.398772112082519,26.713106589723765,0.5390152606818694,5,0,0,0,0.0,0,2.0,9.0,916.2749860604204,1916.7621086809181,0.0,0.16666666666666666,0.3333333333333333,2,False,11,3,8,11.8,8.1,79.16666666666666,1,18.8,1.604590163934425,4.585573770491802,46.07923497267759,5.418360655737706,100.0,85.71428571428571,20.0,0,0.0
2024-11-13,2024-11-14,10.799079084061889,24.870823376639365,0.434206737771506,6,0,0,0,0.0,0,2.0,9.0,687.2062395453153,1784.5716184270616,0.0,0.8571428571428571,0.3076923076923077,3,False,11,3,9,9.3,6.9,75.0,1,24.8,-0.7183606557377047,3.4980327868852465,41.830601092896174,11.404918032786886,25.0,85.71428571428571,100.0,0,0.0
2024-11-14,2024-11-15,8.099309313046417,23.155594178250443,0.34977764987149096,7,0,0,0,0.0,0,1.0,9.0,515.4046796589864,1661.4977137079538,0.0,0.42857142857142855,0.2857142857142857,4,False,11,3,10,8.2,2.1,41.66666666666667,1,8.0,-1.6209836065573775,-1.1734426229508195,8.45628415300547,-5.373114754098362,50.0,57.14285714285714,80.0,1,45.0
2024-11-15,2024-11-16,17.32448198478481,24.662104924577996,0.702473776580174,0,1,1,1,1.0,0,1.0,10.0,779.0535097442398,1655.1875265556812,45.0,0.42857142857142855,0.3333333333333333,5,False,11,3,11,6.9,1.5,50.0,1,12.8,-2.7695081967213113,-1.6347540983606557,16.898907103825138,-0.4855737704918024,0.0,57.14285714285714,100.0,0,0.0
2024-11-16,2024-11-17,12.993361488588608,22.961270102193307,0.5658816533562512,1,0,0,0,1.0,0,1.0,9.0,584.2901323081799,1541.0366626552893,0.0,0.0,0.3125,6,False,11,3,12,9.0,3.8,54.166666666666664,1,26.6,-0.5360655737704914,0.7645901639344261,20.62841530054645,13.198032786885248,0.0,85.71428571428571,80.0,0,0.0
2024-11-17,2024-11-18,9.745021116441457,21.377734233076527,0.4558491096480913,2,0,0,0,0.0,0,1.0,9.0,438.2175992311349,1434.7582721273384,0.0,0.14285714285714285,0.29411764705882354,0,False,11,3,13,5.0,2.0,62.5,1,17.8,-4.394098360655738,-0.9534426229508197,28.743169398907106,4.335409836065573,100.0,85.71428571428571,20.0,1,193.0
2024-11-18,2024-11-19,55.558765837331094,33.213752561829864,1.672763887004467,0,1,1,1,1.0,0,2.0,9.0,2741.413199423351,2001.3956326702805,193.0,0.14285714285714285,0.3333333333333333,1,False,11,3,14,8.3,0.1,41.66666666666667,1,43.4,-0.9599999999999991,-2.7462295081967216,7.677595628415304,29.931803278688523,25.0,0.0,40.0,0,0.0
2024-11-19,2024-11-20,41.66907437799832,30.92314893687608,1.3475042423091539,1,0,0,0,1.0,0,2.0,9.0,2056.0598995675136,1863.368347658537,0.0,0.14285714285714285,0.3157894736842105,2,False,11,3,15,13.4,4.6,37.5,1,39.2,4.269508196721311,1.8711475409836065,3.5655737704918025,25.744918032786888,75.0,0.0,0.0,0,0.0
2024-11-20,2024-11-21,31.25180578349874,28.79051797571221,1.0854895285268185,2,0,0,0,0.0,0,2.0,9.0,1542.0449246756352,1734.8601857510516,0.0,0.75,0.3,3,False,11,3,16,11.1,2.8,29.166666666666668,1,9.8,2.059344262295081,0.18098360655737666,-4.521857923497269,-3.7232786885245908,25.0,14.285714285714285,40.0,0,0.0
2024-11-21,2024-11-22,23.438854337624054,26.80496501186999,0.8744221202021594,3,0,0,0,0.0,0,2.0,9.0,1156.5336935067264,1615.214655699255,0.0,0.5,0.2857142857142857,4,False,11,3,17,13.1,3.0,50.0,1,26.9,4.1803278688524586,0.47606557377049175,15.860655737704917,13.314426229508195,100.0,71.42857142857143,20.0,0,0.0
2024-11-22,2024-11-23,17.57914075321804,24.9563467351893,0.7043955968295172,4,0,0,0,0.0,0,1.0,8.0,1556.1502701300449,1693.8205415130994,0.0,0.375,0.2727272727272727,5,False,11,3,18,9.5,3.1,16.666666666666664,1,11.1,0.6990163934426228,0.6921311475409837,-17.267759562841533,-2.457704918032789,25.0,14.285714285714285,0.0,1,175.0
2024-11-23,2024-11-24,56.93435556491353,35.30418489138314,1.612680075749597,0,1,1,1,1.0,0,2.0,8.0,2298.862702597534,1889.2122283052995,175.0,0.0,0.30434782608695654,6,False,11,3,19,7.3,2.5,62.5,1,13.7,-1.4150819672131147,0.18196721311475406,28.661202185792348,0.15540983606557113,100.0,71.42857142857143,40.0,0,0.0
2024-11-24,2024-11-25,42.70076667368515,32.86941351956361,1.2991033943538421,1,0,0,0,1.0,0,2.0,8.0,1724.1470269481504,1758.9217298014858,0.0,0.25,0.2916666666666667,0,False,11,3,20,7.7,3.1,62.5,1,8.6,-0.9504918032786867,0.8419672131147542,28.510928961748633,-5.029180327868852,100.0,71.42857142857143,60.0,0,0.0
2024-11-25,2024-11-26,32.02557500526386,30.602557414766117,1.0464999565628172,2,0,0,0,0.0,0,1.0,8.0,1293.1102702111127,1637.6167829186247,0.0,0.125,0.28,1,True,11,3,21,7.4,1.7,8.333333333333332,1,4.9,-1.1629508196721297,-0.534426229508197,-26.256830601092897,-8.835737704918035,0.0,0.0,0.0,0,0.0
2024-11-26,2024-11-27,24.019181253947895,28.492036213747763,0.843013853897825,3,0,0,0,0.0,0,1.0,8.0,969.8327026583345,1524.6776944414783,0.0,0.125,0.2692307692307692,2,True,11,3,22,,,,0,,,,,,,,,1,48.0
2024-11-27,2024-11-28,30.014385940460922,29.837413026592746,1.0059312418844908,0,1,1,1,1.0,0,2.0,9.0,1542.8745269937508,1644.4930258593072,48.0,0.6666666666666666,0.2962962962962963,3,True,11,3,23,7.1,-0.9,0.0,0,9.5,-1.3055737704918027,-3.077377049180328,-34.385245901639344,-4.361639344262292,0.0,0.0,0.0,0,0.0
2024-11-28,2024-11-29,22.51078945534569,27.77966040406911,0.8103335004069508,1,0,0,0,1.0,0,2.0,9.0,1157.155895245313,1531.079713731079,0.0,0.4444444444444444,0.2857142857142857,4,True,11,3,24,5.6,0.7,0.0,0,8.0,-2.726557377049181,-1.4655737704918035,-35.0,-5.931147540983607,0.0,0.0,0.0,0,0.0
2024-11-29,2024-11-30,16.88309209150927,25.863821755512618,0.6527686531055993,2,0,0,0,0.0,0,2.0,9.0,867.8669214339848,1425.4880093358322,0.0,0.4444444444444444,0.27586206896551724,5,True,11,3,25,7.2,0.0,0.0,0,6.6,-1.030163934426228,-2.1245901639344265,-35.43715846994535,-7.351475409836068,0.0,0.0,0.0,0,0.0
2024-11-30,2024-12-01,12.662319068631952,24.08010991030485,0.5258414150017329,3,0,0,0,0.0,0,1.0,8.0,650.9001910754886,1327.1784914506025,0.0,0.0,0.5,6,True,12,0,26,7.3,-1.1,0.0,0,6.4,-0.8686274509803935,-3.1944444444444446,-35.77069716775599,-7.637254901960782,0.0,0.0,0.0,0,0.0
2024-12-01,2024-12-02,9.496739301473964,22.41941267511141,0.42359447319584037,4,0,0,0,0.0,0,1.0,8.0,488.1751433066164,1235.648940316078,0.0,0.2222222222222222,0.0,0,True,12,0,27,5.7,-1.6,0.0,0,6.0,-2.379738562091503,-3.663398692810458,-36.22004357298474,-8.152287581699348,0.0,0.0,0.0,0,0.0
2024-12-02,2024-12-03,7.122554476105472,20.873246283724416,0.34122888118553807,5,0,0,0,0.0,0,1.0,8.0,366.1313574799623,1150.4317720184174,0.0,0.1111111111111111,0.0,1,False,12,0,28,4.7,-1.3,0.0,0,4.9,-3.3140522875816982,-3.337908496732026,-36.628540305010894,-9.337908496732027,0.0,0.0,0.0,0,0.0
2024-12-03,2024-12-04,5.341915857079105,19.433712057260664,0.27487882095501676,6,0,0,0,0.0,0,1.0,8.0,274.5985181099717,1071.0916498102506,0.0,0.2222222222222222,0.0,2,False,12,0,29,6.7,-0.4,0.0,0,10.8,-1.219934640522876,-2.3830065359477124,-36.51960784313726,-3.4562091503267958,0.0,0.0,0.0,1,58.0
2024-12-04,2024-12-05,18.50643689280933,22.09345605331165,0.83764336589772,0,1,1,1,1.0,0,1.0,8.0,3294.198888582479,1849.154294650923,58.0,0.6,0.25,3,False,12,0,0,8.6,0.5,0.0,0,10.5,0.7679738562091503,-1.4500000000000002,-36.560457516339866,-3.828758169934641,0.0,0.0,0.0,0,0.0
2024-12-05,2024-12-06,13.879827669606996,20.56976942894533,0.6747682669731633,1,0,0,0,1.0,0,1.0,7.0,2470.649166436859,1721.6264122612042,0.0,0.4,0.2,4,False,12,0,1,11.9,2.4,0.0,0,11.8,4.100980392156863,0.48202614379084974,-36.574074074074076,-2.573529411764703,0.0,0.0,0.0,0,0.0
2024-12-06,2024-12-07,10.409870752205247,19.151164640742206,0.543563326172826,2,0,0,0,0.0,0,1.0,7.0,1852.9868748276444,1602.89355624319,0.0,0.4,0.16666666666666666,5,False,12,0,2,9.5,5.9,58.333333333333336,1,22.7,1.7284313725490197,3.9908496732026144,21.69117647058824,8.252614379084967,100.0,100.0,0.0,0,0.0
2024-12-07,2024-12-08,7.807403064153935,17.830394665518604,0.4378704571947765,3,0,0,0,0.0,0,1.0,6.0,1389.7401561207334,1492.3491730540045,0.0,0.0,0.14285714285714285,6,False,12,0,3,7.2,3.4,25.0,1,25.1,-0.527450980392155,1.4934640522875817,-12.363834422657952,10.573529411764707,50.0,14.285714285714285,40.0,0,0.0
2024-12-08,2024-12-09,5.855552298115452,16.60071227479318,0.35272897940690334,4,0,0,0,0.0,0,1.0,5.0,1042.30511709055,1389.4285404295904,0.0,0.2,0.125,0,False,12,0,4,7.3,0.8,0.0,0,8.0,-0.4101307189542496,-1.076143790849673,-37.459150326797385,-6.641176470588235,0.0,0.0,0.0,1,218.0
2024-12-09,2024-12-10,58.89166422358659,30.490318324807443,1.9314873526811074,0,1,1,1,1.0,0,2.0,6.0,3016.228837817913,1910.0196755723773,218.0,0.1,0.2222222222222222,1,False,12,0,5,4.2,-2.1,0.0,0,4.2,-3.4833333333333325,-3.9493464052287583,-37.66339869281046,-10.498366013071898,0.0,0.0,0.0,0,0.0
2024-12-10,2024-12-11,44.16874816768994,28.387537750682792,1.5559203674375588,1,0,0,0,1.0,0,2.0,6.0,2262.1716283634346,1778.2941807053166,0.0,0.3,0.2,2,False,12,0,6,10.4,0.6,0.0,0,11.6,2.764705882352943,-1.2245098039215687,-38.0582788671024,-3.1062091503267997,0.0,0.0,0.0,1,5.0
2024-12-11,2024-12-12,34.37656112576745,26.77460411270467,1.2839241611589551,2,1,1,0,1.0,0,2.0,7.0,1855.878721272576,1699.5842372083982,5.0,0.5454545454545454,0.2727272727272727,3,False,12,0,7,5.6,0.0,29.166666666666668,1,9.9,-1.977450980392157,-1.7781045751633984,-9.381808278867094,-4.913071895424837,0.0,28.57142857142857,60.0,1,55.0
2024-12-12,2024-12-13,39.532420844325586,28.72118313941469,1.376420346349674,0,2,1,1,2.0,1,3.0,8.0,1892.909040954432,1720.57842774575,55.0,0.36363636363636365,0.3333333333333333,4,False,12,0,8,8.9,2.8,45.83333333333333,1,25.0,1.3771241830065364,1.0718954248366013,7.012527233115456,10.08529411764706,0.0,42.857142857142854,100.0,1,3.0
2024-12-13,2024-12-14,30.39931563324419,26.947308440144713,1.1281021145680306,1,3,1,0,2.0,1,4.0,9.0,1822.431780715824,1713.0212947977673,3.0,0.36363636363636365,0.38461538461538464,5,False,12,0,9,9.6,4.0,45.83333333333333,1,27.7,2.1349673202614365,2.35359477124183,7.257625272331147,12.817647058823528,75.0,57.14285714285714,60.0,0,0.0
2024-12-14,2024-12-15,22.799486724933143,25.088873375307145,0.908748925624247,2,0,0,0,1.0,0,4.0,9.0,1366.823835536868,1594.881895156542,0.0,0.0,0.35714285714285715,6,False,12,0,10,7.8,2.2,12.5,1,17.4,0.39509803921568754,0.6016339869281051,-26.03485838779956,2.537908496732028,50.0,0.0,0.0,0,0.0
2024-12-15,2024-12-16,17.099615043699856,23.35860624597562,0.7320477456417545,3,0,0,0,0.0,0,4.0,8.0,1025.117876652651,1484.8900403181597,0.0,0.2727272727272727,0.3333333333333333,0,False,12,0,11,10.9,2.2,33.33333333333333,1,18.4,3.541176470588235,0.6486928104575165,-5.05174291938998,3.5297385620915005,100.0,14.285714285714285,0.0,1,12.0
2024-12-16,2024-12-17,15.824711282774892,22.575254091080748,0.700975998716536,4,1,1,0,1.0,0,4.0,9.0,1422.0884074894882,1562.6907271927694,12.0,0.09090909090909091,0.375,1,False,12,0,12,8.4,3.5,75.0,1,18.7,1.1114379084967334,1.9705882352941178,36.546840958605664,3.8274509803921557,50.0,100.0,100.0,0,0.0
2024-12-17,2024-12-18,11.868533462081169,21.0183400158338,0.5646751100772095,5,0,0,0,1.0,0,4.0,9.0,1066.566305617116,1454.9189529036128,0.0,0.36363636363636365,0.35294117647058826,2,False,12,0,13,11.2,3.9,41.66666666666667,1,31.9,3.9934640522875817,2.4084967320261437,2.941176470588239,16.99738562091503,100.0,14.285714285714285,0.0,1,62.0
2024-12-18,2024-12-19,24.401400096560877,23.844661394052157,1.023348568189255,0,1,1,1,1.0,0,4.0,9.0,3217.174729212837,2021.4073009792255,62.0,0.5833333333333334,0.3888888888888889,3,False,12,0,14,14.2,4.4,33.33333333333333,1,16.9,6.983333333333333,2.95,-4.752178649237479,2.028104575163397,25.0,14.285714285714285,60.0,1,78.0
2024-12-19,2024-12-20,37.80105007242066,27.57951233239339,1.3706206845442155,0,2,1,1,2.0,1,4.0,10.0,4875.381046909628,2561.310245739279,78.0,0.4166666666666667,0.42105263157894735,4,False,12,0,15,13.3,6.0,16.666666666666664,1,17.7,6.076470588235295,4.540196078431372,-21.486928104575163,2.770588235294115,0.0,0.0,40.0,1,7.0
2024-12-20,2024-12-21,30.100787554315495,26.160235619814532,1.1506313624911035,1,3,1,0,2.0,1,4.0,11.0,4425.785785182221,2596.875056377949,7.0,0.3333333333333333,0.45,5,False,12,0,16,13.1,4.7,37.5,1,18.0,5.919934640522874,3.2287581699346406,-1.2663398692810475,2.989869281045751,0.0,71.42857142857143,80.0,0,0.0
2024-12-21,2024-12-22,22.57559066573662,24.356081439137668,0.9268974864511668,2,0,0,0,1.0,0,4.0,11.0,3319.3393388866657,2417.7802249036076,0.0,0.0,0.42857142857142855,6,False,12,0,17,9.6,2.7,37.5,1,23.1,2.4519607843137248,1.2326797385620918,-1.4978213507625284,8.069607843137259,0.0,57.14285714285714,60.0,1,27.0
2024-12-22,2024-12-23,23.681692999302463,24.538420650231622,0.9650862757982318,3,1,1,0,1.0,0,5.0,12.0,3211.504504164999,2450.209174910255,27.0,0.3333333333333333,0.45454545454545453,0,False,12,0,18,12.1,5.8,33.33333333333333,1,37.7,4.966666666666666,4.355228758169934,-5.773420479302828,22.70196078431373,25.0,14.285714285714285,0.0,0,0.0
2024-12-23,2024-12-24,17.761269749476845,22.846115777801852,0.7774306110596868,4,0,0,0,1.0,0,4.0,11.0,2408.6283781237494,2281.229231812996,0.0,0.08333333333333333,0.43478260869565216,1,True,12,0,19,10.8,4.9,54.166666666666664,1,32.0,3.696078431372549,3.462091503267974,14.46078431372549,17.00228758169935,100.0,57.14285714285714,0.0,1,33.0
2024-12-24,2024-12-25,21.570952312107636,23.546383655194827,0.9161046820601103,5,1,1,0,1.0,0,5.0,12.0,2740.221283592812,2381.4892847914102,33.0,0.4166666666666667,0.4583333333333333,2,True,12,0,20,5.3,3.6,58.333333333333336,1,19.5,-1.8019607843137253,2.1725490196078434,18.92701525054467,4.508496732026142,0.0,85.71428571428571,100.0,0,0.0
2024-12-25,2024-12-26,16.178214234080727,21.922495127250354,0.7379732161039778,6,0,0,0,1.0,0,4.0,12.0,2055.1659626946093,2217.248644460968,0.0,0.6153846153846154,0.44,3,True,12,0,21,9.4,4.6,58.333333333333336,1,34.3,2.2934640522875824,3.186928104575163,19.240196078431374,19.263725490196073,75.0,85.71428571428571,20.0,0,0.0
2024-12-26,2024-12-27,12.133660675560545,20.410598911577914,0.59447842408376,7,0,0,0,0.0,0,3.0,12.0,1541.374472020957,2064.3349448429703,0.0,0.46153846153846156,0.4230769230769231,4,True,12,0,22,8.4,3.4,95.83333333333334,1,17.5,1.272549019607843,1.9807189542483656,56.50871459694991,2.4516339869281047,100.0,100.0,100.0,1,136.0
2024-12-27,2024-12-28,43.100245506670404,28.382281745262198,1.518561682020687,0,1,1,1,1.0,0,3.0,12.0,2569.5308540157175,2311.898052095179,136.0,0.3076923076923077,0.4444444444444444,5,True,12,0,23,9.1,5.2,62.5,1,25.5,1.94313725490196,3.768627450980392,22.83496732026144,10.418954248366013,100.0,85.71428571428571,0.0,1,245.0
2024-12-28,2024-12-29,93.57518413000281,43.32143472834757,2.160020431381777,0,2,1,1,2.0,1,4.0,13.0,4562.148140511788,2879.3533588472355,245.0,0.07692307692307693,0.4642857142857143,6,True,12,0,0,6.1,4.1,70.83333333333334,1,17.5,-1.1078431372549034,2.644117647058823,31.318082788671035,2.3986928104575167,100.0,100.0,100.0,0,0.0
2024-12-29,2024-12-30,70.18138809750211,40.333749574668424,1.7400164586130982,1,0,0,0,1.0,0,3.0,13.0,3421.6111053838413,2680.777265133633,0.0,0.3076923076923077,0.4482758620689655,0,True,12,0,1,6.2,2.6,45.83333333333333,1,15.1,-1.034313725490195,1.1179738562091504,6.4542483660130685,-0.00849673202614376,0.0,71.42857142857143,80.0,0,0.0
2024-12-30,2024-12-31,52.63604107312658,37.55211167296715,1.4016799249938847,2,0,0,0,0.0,0,3.0,13.0,2566.208329037881,2495.896074434762,0.0,0.15384615384615385,0.43333333333333335,1,True,12,0,2,6.4,-0.5,20.833333333333336,1,13.0,-0.8722222222222227,-2.0052287581699346,-18.94063180827886,-2.103594771241829,0.0,0.0,0.0,0,0.0
2024-12-31,2025-01-01,39.47703080484493,34.96231086793493,1.1291310506895182,3,0,0,0,0.0,0,2.0,13.0,1924.6562467784106,2323.76531068064,0.0,0.38461538461538464,0.5,2,True,1,0,3,7.6,1.5,25.0,1,10.5,0.3277777777777766,-0.005228758169934622,-14.773965141612194,-4.603594771241829,100.0,0.0,0.0,0,0.0
2025-01-01,2025-01-02,29.607773103633697,32.5511170149739,0.9095777908332231,4,0,0,0,0.0,0,2.0,13.0,1443.492185083808,2163.505634081975,0.0,0.5714285714285714,0.0,3,True,1,0,4,6.3,0.3,45.83333333333333,1,16.4,-0.9820261437908488,-1.2127450980392156,5.48747276688453,1.3290849673202612,25.0,85.71428571428571,80.0,0,0.0
2025-01-02,2025-01-03,22.205829827725275,30.30621239325156,0.732715442615652,5,0,0,0,0.0,0,2.0,13.0,1082.619138812856,2014.2983489728733,0.0,0.5,0.0,4,True,1,0,5,6.0,1.9,50.0,1,14.7,-1.273529411764705,0.3852941176470588,9.449891067538132,-0.37189542483660176,50.0,100.0,60.0,0,0.0
2025-01-03,2025-01-04,16.654372370793958,28.216128779923864,0.5902429954403865,6,0,0,0,0.0,0,1.0,12.0,2728.464354109642,2404.0708766299167,0.0,0.35714285714285715,0.0,5,True,1,0,6,8.6,1.0,54.166666666666664,1,15.6,1.3153594771241828,-0.5235294117647058,13.86165577342048,0.5228758169934622,25.0,57.14285714285714,100.0,0,0.0
2025-01-04,2025-01-05,12.490779278095468,26.270188864067045,0.47547352410475574,7,0,0,0,0.0,0,0.0,12.0,2046.3482655822315,2238.272885138198,0.0,0.07142857142857142,0.0,6,True,1,0,7,8.9,5.1,62.5,1,12.0,1.6248366013071909,3.568300653594771,21.800108932461875,-3.165359477124184,25.0,85.71428571428571,60.0,0,0.0
2025-01-05,2025-01-06,9.368084458571602,24.458451701027936,0.3830203388621644,8,0,0,0,0.0,0,0.0,12.0,1534.7611991866736,2083.909237887288,0.0,0.2857142857142857,0.0,0,True,1,0,8,7.9,0.7,0.0,0,6.8,0.6375816993464047,-0.8326797385620917,-40.95860566448801,-8.436274509803923,0.0,0.0,0.0,1,40.0
2025-01-06,2025-01-07,17.0260633439287,25.53028261819842,0.6668967828735367,9,1,1,0,1.0,0,1.0,13.0,3490.5708993900053,2585.57066975713,40.0,0.14285714285714285,0.16666666666666666,1,False,1,0,9,7.7,-1.4,0.0,0,11.4,0.43333333333333357,-2.9192810457516343,-40.9313725490196,-3.8683006535947726,0.0,0.0,0.0,0,0.0
2025-01-07,2025-01-08,12.769547507946527,23.76957347211577,0.5372224084259046,10,0,0,0,1.0,0,1.0,13.0,3051.428174542504,2526.8416580497415,0.0,0.35714285714285715,0.14285714285714285,2,False,1,0,10,10.6,2.1,12.5,1,11.7,3.3235294117647047,0.5764705882352943,-28.581154684095857,-3.6526143790849677,0.0,0.0,0.0,0,0.0
2025-01-08,2025-01-09,9.577160630959895,22.130292543004337,0.4327624956764232,11,0,0,0,0.0,0,1.0,12.0,2288.5711309068784,2352.5767161152767,0.0,0.5333333333333333,0.125,3,False,1,0,11,11.3,0.6,0.0,0,12.6,4.011437908496732,-0.9274509803921572,-40.75435729847494,-2.7392156862745107,0.0,0.0,0.0,1,41.0
2025-01-09,2025-01-10,17.43287047321992,23.431651677969555,0.7439881196941106,0,1,1,1,1.0,0,2.0,13.0,1995.1783481801588,2267.2265977624993,41.0,0.4666666666666667,0.2222222222222222,4,False,1,0,12,9.7,3.6,45.83333333333333,1,16.7,2.3924836601307184,2.1062091503267975,5.8551198257080515,1.4712418300653596,75.0,85.71428571428571,40.0,0,0.0
2025-01-10,2025-01-11,13.074652854914941,21.81567570017855,0.5993237630869225,1,0,0,0,1.0,0,2.0,12.0,1496.3837611351191,2110.866142744396,0.0,0.3333333333333333,0.2,5,False,1,0,13,7.7,1.6,4.166666666666666,1,10.7,0.3732026143790854,0.14607843137254917,-35.38943355119826,-4.418300653594768,0.0,0.0,20.0,0,0.0
2025-01-11,2025-01-12,9.805989641186205,20.311146341545545,0.482788586931132,2,0,0,0,0.0,0,2.0,11.0,1122.2878208513393,1965.2891673827132,0.0,0.06666666666666667,0.18181818181818182,6,False,1,0,14,6.3,0.1,25.0,1,8.7,-1.0349673202614378,-1.3480392156862746,-14.270152505446625,-6.39281045751634,25.0,42.857142857142854,0.0,1,6.0
2025-01-12,2025-01-13,8.854492230889655,19.324170731783784,0.4582081349719223,3,1,1,0,1.0,0,3.0,11.0,1646.4658656385045,2051.7519834252844,6.0,0.3333333333333333,0.25,0,False,1,0,15,4.0,-1.8,0.0,0,6.5,-3.352287581699347,-3.24281045751634,-39.28376906318083,-8.583660130718952,0.0,0.0,0.0,0,0.0
2025-01-13,2025-01-14,6.640869173167241,17.99146930200559,0.36911210872738187,4,0,0,0,1.0,0,2.0,11.0,1234.8493992288784,1910.2518466373338,0.0,0.13333333333333333,0.23076923076923078,1,True,1,0,16,5.1,-1.5,0.0,0,5.1,-2.2718954248366003,-2.9107843137254905,-39.29738562091503,-10.062091503267975,0.0,0.0,0.0,0,0.0
2025-01-14,2025-01-15,4.980651879875431,16.750678315660377,0.2973403098081688,5,0,0,0,0.0,0,2.0,11.0,926.1370494216587,1778.51033997269,0.0,0.3333333333333333,0.21428571428571427,2,True,1,0,17,7.5,-0.6,0.0,0,8.9,0.13562091503268014,-1.9931372549019608,-39.651416122004356,-6.321895424836599,0.0,0.0,0.0,0,0.0
2025-01-15,2025-01-16,3.7354889099065733,15.595459121476901,0.2395241384565804,6,0,0,0,0.0,0,2.0,10.0,694.602787066244,1655.854454457332,0.0,0.5625,0.2,3,True,1,0,18,5.7,-1.0,12.5,1,10.4,-1.6601307189542487,-2.3879084967320257,-27.49183006535948,-4.821568627450981,0.0,28.57142857142857,0.0,0,0.0
2025-01-16,2025-01-17,2.80161668242993,14.51991021654746,0.19295000042335644,7,0,0,0,0.0,0,1.0,10.0,520.952090299683,1541.65759552924,0.0,0.4375,0.1875,4,True,1,0,19,5.7,-1.5,0.0,0,9.4,-1.681372549019609,-2.8741830065359477,-40.18246187363834,-5.82549019607843,0.0,0.0,0.0,1,3.0
2025-01-17,2025-01-18,2.8512125118224474,13.725433649889014,0.2077320531031457,8,1,1,0,1.0,0,2.0,10.0,886.7140677247623,1572.1639682513614,3.0,0.3125,0.23529411764705882,5,True,1,0,20,5.2,-4.1,0.0,0,5.7,-2.1905228758169937,-5.449019607843137,-39.81481481481481,-9.38954248366013,0.0,0.0,0.0,0,0.0
2025-01-18,2025-01-19,2.1384093838668354,12.778852018862185,0.16733970944420068,9,0,0,0,1.0,0,2.0,9.0,665.0355507935717,1463.7388669926468,0.0,0.125,0.2222222222222222,6,True,1,0,21,5.3,-3.8,0.0,0,8.8,-2.0928104575163395,-5.128104575163398,-39.46078431372549,-6.234967320261436,0.0,0.0,0.0,0,0.0
2025-01-19,2025-01-20,1.6038070379001266,11.89755187963031,0.13480143260782834,10,0,0,0,0.0,0,1.0,8.0,498.7766630951788,1362.7913589241882,0.0,0.3125,0.21052631578947367,0,True,1,0,22,6.1,-4.0,0.0,0,8.0,-1.3316993464052285,-5.300980392156863,-38.970588235294116,-7.048039215686277,0.0,0.0,0.0,1,215.0
2025-01-20,2025-01-21,54.9528552784251,25.90461726724201,2.121353684229737,0,1,1,1,1.0,0,2.0,9.0,2624.582497321384,1889.633334170796,215.0,0.125,0.25,1,False,1,0,23,6.1,-3.3,0.0,0,7.1,-1.3800653594771237,-4.6156862745098035,-39.29738562091503,-8.00065359477124,0.0,0.0,0.0,0,0.0
2025-01-21,2025-01-22,41.214641458818825,24.118091938466698,1.7088682456295106,1,0,0,0,1.0,0,2.0,8.0,1968.436872991038,1759.3137938831549,0.0,0.3125,0.23809523809523808,2,False,1,0,24,6.1,-4.6,0.0,0,6.8,-1.4111111111111114,-5.941176470588235,-39.501633986928105,-8.300326797385619,0.0,0.0,0.0,1,82.0
2025-01-22,2025-01-23,51.41098109411412,28.109947666848303,1.828924824173404,0,1,1,1,1.0,0,3.0,9.0,3805.8276547432783,2280.602497753282,82.0,0.5294117647058824,0.2727272727272727,3,False,1,0,25,5.3,-3.3,0.0,0,5.6,-2.249999999999999,-4.655228758169935,-39.24291938997821,-9.510457516339871,0.0,0.0,0.0,1,3.0
2025-01-23,2025-01-24,39.308235820585594,26.378227138100144,1.4901773199082673,1,2,1,0,2.0,1,4.0,9.0,3422.370741057459,2280.0092220461593,3.0,0.47058823529411764,0.30434782608695654,4,False,1,0,26,5.3,-1.7,0.0,0,10.1,-2.2624183006535947,-3.0506535947712417,-39.07952069716776,-5.022549019607844,0.0,0.0,0.0,0,0.0
2025-01-24,2025-01-25,29.481176865439195,24.559039059610477,1.200420618814993,2,0,0,0,1.0,0,3.0,9.0,2566.778055793094,2122.767206732631,0.0,0.29411764705882354,0.2916666666666667,5,False,1,0,27,,,,0,,,,,,,,,1,10.0
2025-01-25,2025-01-26,24.610882649079397,23.554967400326994,1.044827710045472,3,1,1,0,1.0,0,4.0,10.0,2994.0835418448205,2271.2660200614155,10.0,0.11764705882352941,0.32,6,False,1,0,28,7.4,-3.8,0.0,0,5.2,-0.19248366013071738,-5.098039215686274,-38.630174291939,-9.827124183006536,0.0,0.0,0.0,0,0.0
2025-01-26,2025-01-27,18.458161986809547,21.930486889959614,0.8416667664255191,4,0,0,0,1.0,0,4.0,9.0,2245.5626563836154,2114.6269841951107,0.0,0.35294117647058826,0.3076923076923077,0,False,1,0,29,7.6,-4.5,0.0,0,4.8,-0.029084967320262223,-5.772222222222222,-38.79357298474946,-10.167973856209152,0.0,0.0,0.0,0,0.0
2025-01-27,2025-01-28,13.84362149010716,20.41803951823826,0.6780093396205571,5,0,0,0,0.0,0,3.0,8.0,1684.1719922877114,1968.7906404575167,0.0,0.11764705882352941,0.2962962962962963,1,True,1,0,30,7.7,-4.3,0.0,0,4.7,0.048692810457517055,-5.548366013071895,-39.09313725490196,-10.272549019607844,0.0,0.0,0.0,0,0.0
2025-01-28,2025-01-29,10.38271611758037,19.009898861808033,0.5461741902498933,6,0,0,0,0.0,0,3.0,8.0,1263.1289942157837,1833.0119755983776,0.0,0.35294117647058826,0.2857142857142857,2,True,1,0,31,9.0,-4.1,0.0,0,9.9,1.3169934640522873,-5.366993464052287,-40.019063180827885,-5.144117647058824,0.0,0.0,0.0,1,165.0
2025-01-29,2025-01-30,49.03703708818528,29.078181698924716,1.686385950673065,0,1,1,1,1.0,0,3.0,9.0,3270.0967456618378,2347.3559772812478,165.0,0.5555555555555556,0.3103448275862069,3,True,1,0,0,6.3,-1.7,8.333333333333332,1,11.8,-1.4248366013071907,-2.955228758169935,-31.549564270152512,-3.276797385620915,0.0,0.0,0.0,0,0.0
2025-01-30,2025-01-31,36.77777781613896,27.07278985761956,1.3584775713755246,1,0,0,0,1.0,0,2.0,9.0,2452.572559246378,2185.469358158403,0.0,0.4444444444444444,0.3,4,True,1,0,1,8.1,1.9,95.83333333333334,1,27.7,0.34771241830065414,0.6130718954248366,56.04575163398694,12.65653594771242,100.0,100.0,100.0,0,0.0
2025-01-31,2025-02-01,27.58333336210422,25.20570090192166,1.0943291547191727,2,0,0,0,0.0,0,2.0,9.0,1839.4294194347835,2034.7473334578233,0.0,0.3333333333333333,0.5,5,True,2,0,2,4.2,-0.4,16.666666666666664,1,19.2,-3.559016393442623,-1.703934426229508,-23.278688524590166,4.170491803278688,0.0,42.857142857142854,20.0,0,0.0
2025-02-01,2025-02-02,20.687500021578167,23.46737670178913,0.8815429301904448,3,0,0,0,0.0,0,1.0,9.0,1379.5720645760875,1894.4199311503871,0.0,0.1111111111111111,0.0,6,True,2,0,3,2.0,-2.0,45.83333333333333,1,15.7,-5.808524590163934,-3.304918032786885,6.106557377049171,0.7593442622950803,0.0,71.42857142857143,100.0,0,0.0
2025-02-02,2025-02-03,15.515625016183625,21.84893692925195,0.7101318048756361,4,0,0,0,0.0,0,1.0,9.0,1034.6790484320657,1763.7702807262224,0.0,0.3333333333333333,0.0,0,True,2,0,4,2.1,-3.0,41.66666666666667,1,12.7,-5.71311475409836,-4.269508196721311,2.240437158469952,-2.182295081967215,0.0,71.42857142857143,40.0,0,0.0
2025-02-03,2025-02-04,11.636718762137718,20.342113692751813,0.5720506205942625,5,0,0,0,0.0,0,1.0,9.0,776.0092863240493,1642.1309510209655,0.0,0.1111111111111111,0.0,1,False,2,0,5,3.3,-6.3,12.5,1,7.8,-4.566557377049181,-7.524262295081967,-26.174863387978135,-6.966885245901639,0.0,0.0,0.0,0,0.0
2025-02-04,2025-02-05,8.727539071603289,18.93920930014824,0.4608185554787114,6,0,0,0,0.0,0,1.0,9.0,582.006964743037,1528.8805406057265,0.0,0.3888888888888889,0.0,2,False,2,0,6,3.7,-5.6,37.5,1,12.7,-4.181967213114754,-6.759016393442622,-0.8196721311475414,-1.955081967213113,25.0,14.285714285714285,60.0,1,5.0
2025-02-05,2025-02-06,7.795654303702467,17.97788452082767,0.4336246733964208,7,1,1,0,1.0,0,1.0,9.0,1066.2552235572778,1597.1646412536074,5.0,0.5263157894736842,0.2,3,False,2,0,7,3.4,-7.2,16.666666666666664,1,11.2,-4.482622950819673,-8.305245901639344,-21.120218579234972,-3.303278688524591,75.0,0.0,0.0,0,0.0
2025-02-06,2025-02-07,5.84674072777685,16.738030415943,0.3493087646804501,8,0,0,0,1.0,0,1.0,9.0,799.6914176679584,1487.0153556499104,0.0,0.42105263157894735,0.16666666666666666,4,False,2,0,8,1.9,-8.4,0.0,0,8.9,-6.0075409836065585,-9.438032786885246,-37.18579234972678,-5.501311475409835,0.0,0.0,0.0,1,73.0
2025-02-07,2025-02-08,22.635055545832635,20.61816624932624,1.09782098330749,0,1,1,1,1.0,0,2.0,10.0,1115.0185632509688,1526.6005035361234,73.0,0.3157894736842105,0.2857142857142857,5,False,2,0,9,2.6,-1.6,37.5,1,6.8,-5.338032786885245,-2.6065573770491803,0.7786885245901658,-7.496065573770493,100.0,42.857142857142854,0.0,0,0.0
2025-02-08,2025-02-09,16.976291659374475,19.196223749372706,0.8843557921088113,1,0,0,0,1.0,0,2.0,9.0,836.2639224382266,1421.3177101888045,0.0,0.10526315789473684,0.25,6,False,2,0,10,3.1,-4.0,25.0,1,4.6,-4.870163934426229,-5.018032786885246,-11.530054644808743,-9.57081967213115,25.0,0.0,0.0,0,0.0
2025-02-09,2025-02-10,12.732218744530856,17.872346249415966,0.712397721420987,2,0,0,0,0.0,0,2.0,9.0,627.19794182867,1323.2957991413007,0.0,0.3157894736842105,0.2222222222222222,0,False,2,0,11,2.5,-5.8,0.0,0,8.3,-5.538032786885248,-6.798688524590164,-36.39344262295082,-5.8160655737704925,0.0,0.0,0.0,0,0.0
2025-02-10,2025-02-11,9.549164058398143,16.639770646007968,0.5738759422557951,3,0,0,0,0.0,0,2.0,9.0,470.39845637150245,1232.0340198901765,0.0,0.10526315789473684,0.2,1,False,2,0,12,1.7,-7.3,0.0,0,9.2,-6.390819672131147,-8.27639344262295,-35.95628415300546,-4.86754098360656,0.0,0.0,0.0,0,0.0
2025-02-11,2025-02-12,7.161873043798607,15.492200256628108,0.462288953483835,4,0,0,0,0.0,0,2.0,8.0,352.7988422786268,1147.0661564494746,0.0,0.42105263157894735,0.18181818181818182,2,False,2,0,13,5.4,-7.4,0.0,0,12.4,-2.714098360655738,-8.396065573770493,-35.69672131147541,-1.5793442622950842,0.0,0.0,0.0,1,3.0
2025-02-12,2025-02-13,6.1214047828489555,14.630669204446859,0.41839540606853515,5,1,1,0,1.0,0,2.0,9.0,623.3491317089702,1166.923662901235,3.0,0.5,0.25,3,False,2,0,14,3.9,-4.6,12.5,1,14.1,-4.260327868852457,-5.607868852459016,-22.88251366120219,0.1908196721311466,0.0,0.0,60.0,0,0.0
2025-02-13,2025-02-14,4.591053587136717,13.621657535174661,0.3370407437774311,6,0,0,0,1.0,0,2.0,9.0,467.5118487817276,1086.4461689080465,0.0,0.45,0.23076923076923078,4,False,2,0,15,4.6,-0.6,25.0,1,12.8,-3.6295081967213125,-1.6072131147540984,-10.122950819672134,-1.0649180327868848,75.0,0.0,20.0,0,0.0
2025-02-14,2025-02-15,3.4432901903525375,12.682232877576409,0.27150504359848615,7,0,0,0,0.0,0,1.0,9.0,350.6338865862957,1011.5188469143881,0.0,0.3,0.21428571428571427,5,False,2,0,16,6.4,1.2,33.33333333333333,1,16.9,-1.9577049180327855,0.19016393442622936,-1.3524590163934462,3.1173770491803268,0.0,42.857142857142854,40.0,1,109.0
2025-02-15,2025-02-16,29.832467642764403,19.32483750670907,1.5437370499186533,0,1,1,1,1.0,0,2.0,10.0,1908.9754149397218,1395.8278919547752,109.0,0.1,0.26666666666666666,6,False,2,0,17,8.4,2.2,75.0,1,17.9,-0.0934426229508194,1.1465573770491806,40.368852459016395,4.13868852459016,50.0,57.14285714285714,100.0,0,0.0
2025-02-16,2025-02-17,22.374350732073303,17.99209009245327,1.2435659568789152,1,0,0,0,1.0,0,2.0,9.0,1431.7315612047914,1299.5638994061699,0.0,0.3,0.25,0,False,2,0,18,6.7,3.1,79.16666666666666,1,10.7,-1.9170491803278695,2.015737704918033,44.713114754098356,-3.0547540983606556,100.0,100.0,0.0,0,0.0
2025-02-17,2025-02-18,16.780763049054976,16.751256292973736,1.0017614652635705,2,0,0,0,0.0,0,2.0,9.0,1073.7986709035936,1209.9388028953995,0.0,0.1,0.23529411764705882,1,True,2,0,19,12.0,4.6,29.166666666666668,1,15.2,3.285573770491803,3.4977049180327864,-5.23224043715847,1.534754098360656,100.0,0.0,0.0,0,0.0
2025-02-18,2025-02-19,12.585572286791232,15.595997238285891,0.806974513684543,3,0,0,0,0.0,0,2.0,9.0,805.3490031776952,1126.494747523303,0.0,0.45,0.2222222222222222,2,True,2,0,20,9.0,5.1,54.166666666666664,1,23.0,0.25540983606557255,3.96655737704918,19.385245901639344,9.38032786885246,100.0,85.71428571428571,20.0,0,0.0
2025-02-19,2025-02-20,9.439179215093423,14.520411221852381,0.6500628026903262,4,0,0,0,0.0,0,1.0,8.0,604.0117523832714,1048.8054545906614,0.0,0.47619047619047616,0.21052631578947367,3,True,2,0,21,9.7,3.5,0.0,0,20.3,0.8770491803278677,2.338032786885246,-34.89071038251366,6.712459016393444,0.0,0.0,0.0,0,0.0
2025-02-20,2025-02-21,7.079384411320067,13.519003551379802,0.5236617021672073,5,0,0,0,0.0,0,1.0,8.0,453.00881428745356,976.4740439292365,0.0,0.42857142857142855,0.2,4,True,2,0,22,10.1,2.2,29.166666666666668,1,14.1,1.2075409836065578,1.0249180327868854,-5.505464480874313,0.5249180327868856,0.0,0.0,80.0,1,7.0
2025-02-21,2025-02-22,7.05953830849005,13.069417099560505,0.5401570899996333,6,1,1,0,1.0,0,2.0,8.0,1196.50661071559,1145.4758340030821,7.0,0.3333333333333333,0.23809523809523808,5,True,2,0,23,,,,0,,,,,,,,,1,59.0
2025-02-22,2025-02-23,20.04465373136754,16.237043506487367,1.2345014487002437,0,2,1,1,2.0,1,2.0,8.0,1461.8799580366926,1222.2016385545935,59.0,0.09523809523809523,0.2727272727272727,6,True,2,0,24,12.4,7.3,83.33333333333334,1,32.1,3.395737704918032,6.045245901639344,48.11475409836066,18.492131147540988,75.0,71.42857142857143,100.0,0,0.0
2025-02-23,2025-02-24,15.033490298525654,15.117247402591687,0.9944595003418629,1,0,0,0,1.0,0,2.0,8.0,1096.4099685275196,1137.9118703784145,0.0,0.2857142857142857,0.2608695652173913,0,True,2,0,25,9.8,3.0,54.166666666666664,1,22.6,0.7449180327868845,1.714426229508197,19.330601092896174,9.01704918032787,25.0,42.857142857142854,60.0,0,0.0
2025-02-24,2025-02-25,11.27511772389424,14.074678616206054,0.8010923752753896,2,0,0,0,0.0,0,2.0,7.0,822.3074763956397,1059.4351896626617,0.0,0.09523809523809523,0.25,1,True,2,0,26,9.9,5.7,75.0,1,36.0,0.7655737704918035,4.3822950819672135,40.42349726775956,22.38032786885246,100.0,100.0,40.0,0,0.0
2025-02-25,2025-02-26,8.45633829292068,13.104011125433223,0.645324413416286,3,0,0,0,0.0,0,2.0,7.0,616.7306072967298,986.3706938238574,0.0,0.42857142857142855,0.24,2,True,2,0,27,17.8,0.2,0.0,0,12.2,8.614754098360656,-1.160983606557377,-34.986338797814206,-1.421311475409837,0.0,0.0,0.0,0,0.0
2025-02-26,2025-02-27,6.34225371969051,12.20028622023093,0.5198446663631193,4,0,0,0,0.0,0,2.0,7.0,462.5479554725473,918.3451287325569,0.0,0.45454545454545453,0.23076923076923078,3,True,2,0,28,16.7,3.7,0.0,0,13.6,7.4767213114754085,2.3314754098360657,-34.603825136612016,0.03868852459016203,0.0,0.0,0.0,0,0.0
2025-02-27,2025-02-28,4.756690289767882,11.358887170559832,0.418763759014735,5,0,0,0,0.0,0,2.0,7.0,459.4109666044105,886.0454646820357,0.0,0.45454545454545453,0.2222222222222222,4,True,2,0,29,14.7,1.3,0.0,0,7.4,5.447868852459017,-0.07377049180327866,-34.42622950819672,-6.157377049180328,0.0,0.0,0.0,1,156.0
2025-02-28,2025-03-01,42.56751771732591,21.33413633121088,1.9952772897139293,0,1,1,1,1.0,0,2.0,7.0,2510.3082249533077,1422.3871567729298,156.0,0.36363636363636365,0.5,5,True,3,1,30,16.7,2.1,0.0,0,12.8,7.418688524590163,0.735081967213115,-34.80874316939891,-0.7613114754098351,0.0,0.0,0.0,0,0.0
2025-03-01,2025-03-02,31.925638287994435,19.862816584230817,1.6073067056028876,1,0,0,0,1.0,0,1.0,7.0,1882.7311687149809,1324.2914907885897,0.0,0.09090909090909091,0.0,6,True,3,1,31,11.5,7.0,0.0,0,9.4,2.2032786885245894,5.639016393442623,-34.67213114754098,-4.150491803278687,0.0,0.0,0.0,0,0.0
2025-03-02,2025-03-03,23.944228715995827,18.49296716462869,1.2947748461801039,2,0,0,0,0.0,0,1.0,7.0,1412.0483765362355,1232.9610431479973,0.0,0.2727272727272727,0.0,0,True,3,1,32,11.0,7.1,29.166666666666668,1,12.7,1.6708196721311488,5.754754098360656,-4.986338797814202,-0.7531147540983607,25.0,42.857142857142854,0.0,1,212.0
2025-03-03,2025-03-04,70.95817153699687,31.838279773964643,2.2287062002332814,0,1,1,1,1.0,0,2.0,8.0,3096.2862824021768,1709.9292470688251,212.0,0.09090909090909091,0.3333333333333333,1,False,3,1,33,10.3,4.3,29.166666666666668,1,23.3,0.9072131147541,2.945901639344262,-4.480874316939893,9.862622950819674,25.0,57.14285714285714,40.0,0,0.0
2025-03-04,2025-03-05,53.218628652747654,29.642536341277427,1.795346661299032,1,0,0,0,1.0,0,2.0,8.0,2322.214711801633,1592.0030920985612,0.0,0.4090909090909091,0.25,2,False,3,1,34,11.6,0.6,0.0,0,13.0,2.187868852459017,-0.7855737704918034,-33.87978142076502,-0.5180327868852466,0.0,0.0,0.0,1,76.0
2025-03-05,2025-03-06,58.91397148956074,32.83960280049967,1.793991597506908,0,1,1,1,1.0,0,3.0,9.0,4130.911033851225,2141.3132236779707,76.0,0.43478260869565216,0.4,3,False,3,1,35,10.6,0.6,0.0,0,11.2,1.1344262295081968,-0.7616393442622952,-33.55191256830601,-2.357049180327868,0.0,0.0,0.0,0,0.0
2025-03-06,2025-03-07,44.18547861717055,30.57480260736176,1.445159897991676,1,0,0,0,1.0,0,3.0,9.0,3098.183275388418,1993.636449631214,0.0,0.4782608695652174,0.3333333333333333,4,False,3,1,36,11.0,0.3,0.0,0,11.0,1.4386885245901642,-1.0540983606557377,-33.15573770491803,-2.479344262295081,0.0,0.0,0.0,1,118.0
2025-03-07,2025-03-08,62.63910896287791,36.60412656547474,1.7112581241580433,0,1,1,1,1.0,0,3.0,9.0,4444.637456541313,2441.2477289669923,118.0,0.34782608695652173,0.42857142857142855,5,False,3,1,37,12.8,4.0,20.833333333333336,1,14.6,3.1596721311475413,2.6301639344262293,-12.03551912568306,1.1708196721311488,25.0,42.857142857142854,20.0,1,2.0
2025-03-08,2025-03-09,47.479331722158435,34.21763507820062,1.3875690594528134,1,2,1,0,2.0,1,4.0,10.0,3597.478092405985,2345.7134028313376,2.0,0.08695652173913043,0.5,6,False,3,1,38,13.0,2.8,37.5,1,23.8,3.3213114754098356,1.421311475409836,4.795081967213115,10.360000000000001,25.0,0.0,100.0,1,3.0
2025-03-09,2025-03-10,36.359498791618826,32.06469472797989,1.1339418354072541,2,3,1,0,2.0,1,5.0,10.0,3173.358569304489,2315.0435129809002,3.0,0.30434782608695654,0.5555555555555556,0,False,3,1,39,8.8,2.9,20.833333333333336,1,10.3,-0.9101639344262296,1.5285245901639344,-11.803278688524586,-3.091147540983606,0.0,42.857142857142854,0.0,1,105.0
2025-03-10,2025-03-11,53.51962409371412,37.094715781222654,1.4427829669692673,0,4,1,1,2.0,1,5.0,11.0,4614.268926978367,2771.7301672580797,105.0,0.08695652173913043,0.6,1,True,3,1,40,9.5,2.4,29.166666666666668,1,11.1,-0.26885245901639365,1.0118032786885245,-3.7978142076502728,-2.3206557377049197,0.0,14.285714285714285,60.0,1,1.0
2025-03-11,2025-03-12,40.38971807028559,34.605425037690054,1.1671498912755918,1,5,1,0,2.0,1,6.0,12.0,4085.2016952337754,2752.852224688557,1.0,0.43478260869565216,0.6363636363636364,2,True,3,1,41,9.8,5.0,87.5,1,16.2,-0.02950819672131111,3.599344262295082,54.26229508196721,2.7154098360655716,75.0,100.0,80.0,0,0.0
2025-03-12,2025-03-13,30.29228855271419,32.21884400060798,0.9402040790831157,2,0,0,0,1.0,0,5.0,12.0,3063.9012714253313,2563.0003471238288,0.0,0.4166666666666667,0.5833333333333334,3,True,3,1,42,8.1,2.2,66.66666666666666,1,21.7,-1.7849180327868837,0.7842622950819671,33.183060109289606,8.12622950819672,100.0,71.42857142857143,40.0,0,0.0
2025-03-13,2025-03-14,22.719216414535644,29.99685475918674,0.7573866192613987,3,0,0,0,0.0,0,5.0,12.0,2856.4259535689985,2540.3106680118403,0.0,0.5,0.5384615384615384,4,True,3,1,43,12.3,-1.2,4.166666666666666,1,16.1,2.315409836065575,-2.622622950819672,-29.057377049180324,2.4691803278688518,0.0,0.0,0.0,1,157.0
2025-03-14,2025-03-15,56.28941231090173,38.75569236200145,1.4524166356034827,0,1,1,1,1.0,0,5.0,12.0,5495.569465176749,3290.1513115972302,157.0,0.375,0.5714285714285714,5,True,3,1,0,8.3,3.7,75.0,1,27.7,-1.7921311475409833,2.281967213114754,42.07650273224044,14.108524590163935,100.0,85.71428571428571,80.0,0,0.0
2025-03-15,2025-03-16,42.2170592331763,36.08288599220824,1.1700022897916946,1,0,0,0,1.0,0,4.0,12.0,4121.677098882562,3063.2443245905247,0.0,0.125,0.5333333333333333,6,True,3,1,1,10.2,2.3,62.5,1,15.1,-0.03180327868852473,0.8393442622950817,30.10928961748634,1.6029508196721292,75.0,85.71428571428571,20.0,0,0.0
2025-03-16,2025-03-17,31.662794424882225,33.59441109619388,0.9425018445544205,2,0,0,0,0.0,0,3.0,12.0,3851.5078241619212,3061.710233239454,0.0,0.3333333333333333,0.5,0,True,3,1,2,7.7,1.1,62.5,1,9.1,-2.6514754098360642,-0.41245901639344273,30.396174863387976,-4.38032786885246,25.0,100.0,100.0,1,61.0
2025-03-17,2025-03-18,38.99709581866167,35.48445171024947,1.0989910774751408,0,1,1,1,1.0,0,3.0,12.0,5310.130868121441,3518.557803360871,61.0,0.125,0.5294117647058824,1,False,3,1,3,10.2,-0.1,20.833333333333336,1,11.1,-0.31967213114754145,-1.6445901639344265,-10.765027322404368,-2.39344262295082,0.0,42.857142857142854,0.0,0,0.0
2025-03-18,2025-03-19,29.24782186399625,33.03724814402537,0.8852983679660856,1,0,0,0,1.0,0,2.0,12.0,4239.098151091081,3346.6572651980523,0.0,0.4166666666666667,0.5,2,False,3,1,4,11.9,2.4,25.0,1,20.8,1.2636065573770487,0.8036065573770492,-6.4344262295081975,7.266557377049182,0.0,14.285714285714285,40.0,0,0.0
2025-03-19,2025-03-20,21.935866397997188,30.75881723754086,0.7131570186393468,2,0,0,0,0.0,0,2.0,12.0,3179.3236133183104,3115.853315874049,0.0,0.4,0.47368421052631576,3,False,3,1,5,8.1,4.2,79.16666666666666,1,24.0,-2.6413114754098377,2.557704918032787,47.78688524590163,10.437704918032788,75.0,71.42857142857143,100.0,1,77.0
2025-03-20,2025-03-21,35.70189979849789,33.94786432460701,1.0516685072474345,0,1,1,1,1.0,0,3.0,13.0,4783.742709988733,3562.828949262045,77.0,0.52,0.5,4,False,3,1,6,9.7,5.3,91.66666666666666,1,22.5,-1.1678688524590157,3.619999999999999,60.46448087431693,8.915409836065576,100.0,85.71428571428571,100.0,0,0.0
2025-03-21,2025-03-22,26.77642484887342,31.60663230222032,0.8471774086159889,1,0,0,0,1.0,0,2.0,13.0,3587.8070324915498,3317.116607933628,0.0,0.36,0.47619047619047616,5,False,3,1,7,11.5,3.7,41.66666666666667,1,14.1,0.510163934426231,1.9662295081967216,10.532786885245912,0.5065573770491802,0.0,57.14285714285714,0.0,0,0.0
2025-03-22,2025-03-23,20.082318636655064,29.426864557239607,0.6824484680517688,2,0,0,0,0.0,0,2.0,13.0,3501.8552743686623,3312.0740832485503,0.0,0.12,0.45454545454545453,6,False,3,1,8,11.1,5.6,100.0,1,25.7,0.037049180327869635,3.8167213114754093,69.49453551912568,12.195409836065572,100.0,100.0,100.0,0,0.0
2025-03-23,2025-03-24,15.061738977491299,27.397425622257565,0.5497501548194805,3,0,0,0,0.0,0,2.0,12.0,2870.1414557764965,3150.8965602658914,0.0,0.36,0.43478260869565216,0,False,3,1,9,14.5,10.1,79.16666666666666,1,23.2,3.342950819672133,8.242295081967212,49.07103825136611,9.759672131147543,100.0,85.71428571428571,80.0,1,3.0
2025-03-24,2025-03-25,12.046304233118473,25.71484454486049,0.4684572061908931,4,1,1,0,1.0,0,2.0,12.0,2585.3560918323724,3052.9726595578986,3.0,0.12,0.4583333333333333,1,False,3,1,10,21.5,7.4,4.166666666666666,1,10.1,10.218032786885246,5.461311475409836,-26.284153005464482,-3.291147540983607,0.0,0.0,0.0,0,0.0
2025-03-25,2025-03-26,9.034728174838854,23.941406990042523,0.3773683049871083,5,0,0,0,1.0,0,2.0,12.0,1939.0170688742792,2842.4228209676985,0.0,0.4,0.44,2,False,3,1,11,26.0,7.5,16.666666666666664,1,14.4,14.58655737704918,5.42983606557377,-13.975409836065577,1.0704918032786885,0.0,0.0,20.0,1,134.0
2025-03-26,2025-03-27,40.27604613112914,31.531654783832693,1.277321041576923,0,1,1,1,1.0,0,3.0,13.0,3577.262801655709,3232.0488333147537,134.0,0.4230769230769231,0.46153846153846156,3,False,3,1,12,16.8,7.0,33.33333333333333,1,18.7,5.267540983606558,4.8039344262295085,2.2540983606557354,5.331147540983606,0.0,0.0,40.0,0,0.0
2025-03-27,2025-03-28,30.20703459834686,29.35705790218906,1.028953061270299,1,0,0,0,1.0,0,2.0,13.0,2682.9471012417816,3009.148913775805,0.0,0.5,0.4444444444444444,4,False,3,1,13,10.2,5.1,87.5,1,22.1,-1.4501639344262287,2.7786885245901636,56.69398907103826,8.824262295081967,100.0,100.0,100.0,1,2.0
2025-03-28,2025-03-29,23.155275948760142,27.470364253762227,0.8429184169113771,2,1,1,0,1.0,0,3.0,14.0,2525.4603259313362,2943.2076093774735,2.0,0.34615384615384615,0.4642857142857143,5,False,3,1,14,12.5,2.7,8.333333333333332,1,13.1,0.7124590163934439,0.2783606557377052,-22.062841530054648,-0.10819672131147584,0.0,14.285714285714285,20.0,0,0.0
2025-03-29,2025-03-30,17.36645696157011,25.57585637419242,0.6790176136230539,3,0,0,0,1.0,0,3.0,14.0,1894.0952444485022,2740.2277742479923,0.0,0.11538461538461539,0.4482758620689655,6,False,3,1,15,17.3,0.5,12.5,1,20.0,5.35704918032787,-2.0311475409836066,-17.554644808743173,6.825901639344261,0.0,0.0,0.0,1,250.0
2025-03-30,2025-03-31,75.52484272117758,41.05338352079984,1.8396740108622873,0,1,1,1,1.0,0,4.0,14.0,7629.321433336377,4264.005169127441,250.0,0.38461538461538464,0.4666666666666667,0,False,3,1,0,11.2,4.4,37.5,1,17.0,-0.8508196721311485,1.7914754098360657,7.759562841530059,3.9003278688524574,0.0,42.857142857142854,60.0,0,0.0
2025-03-31,2025-04-01,56.64363204088318,38.22211569177916,1.4819596198612872,1,0,0,0,1.0,0,3.0,14.0,5721.991075002283,3969.935847118652,0.0,0.11538461538461539,0.5,1,True,4,1,1,9.7,5.0,58.333333333333336,1,8.9,-2.4288524590163956,2.297049180327869,28.784153005464482,-4.115409836065572,100.0,85.71428571428571,20.0,0,0.0
2025-04-01,2025-04-02,42.48272403066239,35.586107713035766,1.1938008048882593,2,0,0,0,0.0,0,3.0,14.0,4291.493306251712,3696.147168007021,0.0,0.4230769230769231,0.0,2,True,4,1,2,11.4,4.3,33.33333333333333,1,14.7,-0.8527868852459033,1.5334426229508198,4.112021857923491,1.738688524590163,0.0,28.57142857142857,40.0,0,0.0
2025-04-02,2025-04-03,31.862043022996794,33.131893387998815,0.9616728706044312,3,0,0,0,0.0,0,2.0,13.0,3218.619979688784,3441.240466765157,0.0,0.4074074074074074,0.0,3,True,4,1,3,12.6,3.4,4.166666666666666,1,9.0,0.21114754098360855,0.5554098360655737,-24.549180327868847,-3.9357377049180347,0.0,14.285714285714285,0.0,0,0.0
2025-04-03,2025-04-04,23.896532267247593,30.84693522330924,0.7746809235424584,4,0,0,0,0.0,0,2.0,13.0,2413.964984766588,3203.9135380227326,0.0,0.5185185185185185,0.0,4,True,4,1,4,17.3,1.0,0.0,0,8.1,4.804262295081969,-1.92327868852459,-28.30601092896175,-4.802622950819673,0.0,0.0,0.0,1,30.0
2025-04-04,2025-04-05,25.422399200435695,30.788525897563776,0.8257101780389983,5,1,1,0,1.0,0,2.0,13.0,2950.723738574941,3297.505707814268,30.0,0.3333333333333333,0.25,5,True,4,1,5,19.9,3.8,0.0,0,10.3,7.311147540983605,0.802295081967213,-28.70218579234973,-2.5931147540983623,0.0,0.0,0.0,1,160.0
2025-04-05,2025-04-06,59.06679940032677,39.69966204255938,1.4878413659291396,0,2,1,1,2.0,1,3.0,14.0,3718.5428039312055,3485.4018658960426,160.0,0.14814814814814814,0.4,6,True,4,1,6,11.9,7.1,58.333333333333336,1,9.7,-0.76655737704918,3.9822950819672123,29.01639344262295,-3.229508196721312,75.0,42.857142857142854,100.0,0,0.0
2025-04-06,2025-04-07,44.30009955024508,36.96175431548632,1.198538878109585,1,0,0,0,1.0,0,2.0,13.0,2788.907102948404,3245.0293234204532,0.0,0.37037037037037035,0.3333333333333333,0,True,4,1,7,13.6,6.9,87.5,1,21.1,0.8511475409836073,3.673114754098361,57.6775956284153,8.076393442622951,100.0,100.0,60.0,0,0.0
2025-04-07,2025-04-08,33.22507466268381,34.41266781097002,0.965489651810499,2,0,0,0,0.0,0,2.0,12.0,2091.680327211303,3021.2341976673183,0.0,0.1111111111111111,0.2857142857142857,1,True,4,1,8,11.6,6.3,79.16666666666666,1,24.9,-1.2540983606557372,2.9803278688524584,49.65846994535518,11.851803278688523,75.0,100.0,80.0,0,0.0
2025-04-08,2025-04-09,24.918805997012857,32.03938037573071,0.7777555528473463,3,0,0,0,0.0,0,2.0,11.0,1837.5102454084772,2887.0111495523306,0.0,0.4074074074074074,0.25,2,True,4,1,9,15.1,4.1,0.0,0,11.2,2.12688524590164,0.6839344262295075,-29.48087431693989,-1.8622950819672148,0.0,0.0,0.0,1,45.0
2025-04-09,2025-04-10,29.939104497759644,32.93321621188721,0.9090853533750266,0,1,1,1,1.0,0,3.0,11.0,3784.132684056358,3351.6310702728592,45.0,0.39285714285714285,0.3333333333333333,3,True,4,1,0,20.2,5.6,37.5,1,26.4,7.052131147540981,2.0960655737704914,8.224043715846996,13.348196721311474,0.0,28.57142857142857,100.0,0,0.0
2025-04-10,2025-04-11,22.454328373319733,30.661959921412233,0.7323187568854381,1,0,0,0,1.0,0,3.0,10.0,2838.0995130422684,3120.4840999092135,0.0,0.5357142857142857,0.3,4,True,4,1,1,11.7,4.8,8.333333333333332,1,14.5,-1.642622950819673,1.2022950819672125,-20.65573770491803,1.4711475409836066,0.0,14.285714285714285,20.0,0,0.0
2025-04-11,2025-04-12,16.8407462799898,28.547341995797595,0.589923443046603,2,0,0,0,0.0,0,2.0,10.0,2128.574634781701,2905.2782999154747,0.0,0.35714285714285715,0.2727272727272727,5,True,4,1,2,11.7,5.1,41.66666666666667,1,13.7,-1.8088524590163928,1.385245901639344,12.800546448087438,0.6262295081967206,50.0,71.42857142857143,0.0,1,4.0
2025-04-12,2025-04-13,13.630559709992351,26.85442185815638,0.5075722643365118,3,1,1,0,1.0,0,2.0,11.0,2194.430976086276,2869.8797964730284,4.0,0.14285714285714285,0.3333333333333333,6,True,4,1,3,14.9,1.0,0.0,0,11.7,1.2190163934426206,-2.819672131147541,-28.592896174863384,-1.353442622950821,0.0,0.0,0.0,1,269.0
2025-04-13,2025-04-14,77.47291978249426,43.554116902421455,1.7787737484395427,0,2,1,1,2.0,1,3.0,11.0,5343.573232064708,3692.026017405923,269.0,0.35714285714285715,0.38461538461538464,0,True,4,1,0,19.0,1.9,0.0,0,14.0,5.111475409836066,-2.0285245901639346,-28.2103825136612,0.942622950819672,0.0,0.0,0.0,1,2.0
2025-04-14,2025-04-15,58.60468983687069,40.688315736737216,1.4403321635640203,1,3,1,0,2.0,1,4.0,12.0,4345.429924048531,3530.5759472399973,2.0,0.10714285714285714,0.42857142857142855,1,True,4,1,1,17.4,4.7,0.0,0,12.3,3.3147540983606536,0.6265573770491804,-28.22404371584699,-0.7295081967213104,0.0,0.0,0.0,0,0.0
2025-04-15,2025-04-16,43.953517377653014,37.882224996272576,1.1602675762043497,2,0,0,0,1.0,0,4.0,12.0,3259.072443036398,3287.087950878618,0.0,0.42857142857142855,0.4,2,True,4,1,2,15.9,5.2,0.0,0,18.7,1.667213114754098,0.956393442622951,-28.346994535519123,5.650819672131146,0.0,0.0,0.0,1,2.0
2025-04-16,2025-04-17,33.46513803323976,35.40758878963309,0.9451402701287004,3,1,1,0,1.0,0,4.0,12.0,2768.8043322772983,3149.9094715076785,2.0,0.3793103448275862,0.4375,3,True,4,1,3,17.2,1.8,0.0,0,12.1,2.8999999999999986,-2.585245901639344,-28.620218579234972,-1.0275409836065563,0.0,0.0,0.0,1,79.0
2025-04-17,2025-04-18,44.84885352492982,38.413961976554944,1.1675143936546368,0,2,1,1,2.0,1,5.0,13.0,4333.353249207974,3555.2260596795627,79.0,0.5172413793103449,0.47058823529411764,4,True,4,1,0,20.3,3.5,0.0,0,13.4,5.952786885245903,-0.9977049180327864,-29.098360655737704,0.19049180327868953,0.0,0.0,0.0,1,219.0
2025-04-18,2025-04-19,88.38664014369736,50.86817149541322,1.7375627537873497,0,3,1,1,2.0,1,6.0,14.0,6149.76493690598,4109.969090046489,219.0,0.3793103448275862,0.5,5,True,4,1,0,14.2,8.6,50.0,1,9.8,-0.18393442622950928,4.019672131147541,20.80601092896175,-3.395409836065575,25.0,57.14285714285714,20.0,0,0.0
2025-04-19,2025-04-20,66.28998010777302,47.36002173710886,1.3997033294398096,1,0,0,0,1.0,0,5.0,13.0,4782.323702679485,3873.4194976294903,0.0,0.1724137931034483,0.47368421052631576,6,True,4,1,1,10.9,6.6,70.83333333333334,1,12.4,-3.570819672131149,1.9445901639344259,41.99453551912569,-0.7750819672131151,25.0,100.0,100.0,1,29.0
2025-04-20,2025-04-21,56.96748508082976,46.09381334144618,1.2359030627133274,2,1,1,0,1.0,0,5.0,14.0,4986.242777009614,3992.35608399987,29.0,0.3793103448275862,0.5,0,True,4,1,2,12.8,5.4,50.0,1,13.9,-1.7622950819672116,0.6796721311475409,21.379781420765024,0.7026229508196717,25.0,71.42857142857143,20.0,1,103.0
2025-04-21,2025-04-22,68.47561381062232,50.018377938587825,1.3690090849146717,0,2,1,1,2.0,1,5.0,15.0,5801.93208275721,4285.9177333791895,103.0,0.10344827586206896,0.5238095238095238,1,True,4,1,0,14.2,3.0,0.0,0,11.4,-0.3904918032786906,-1.7708196721311475,-28.688524590163933,-1.8131147540983594,0.0,0.0,0.0,0,0.0
2025-04-22,2025-04-23,51.35671035796674,46.56883463247832,1.102812873959041,1,0,0,0,1.0,0,5.0,15.0,4351.449062067908,3990.3372000426934,0.0,0.4482758620689655,0.5,2,True,4,1,1,17.2,2.4,0.0,0,10.7,2.5380327868852426,-2.457377049180328,-28.661202185792355,-2.527540983606558,0.0,0.0,0.0,1,44.0
2025-04-23,2025-04-24,49.51753276847506,46.39167362334189,1.0673797451351357,0,1,1,1,1.0,0,5.0,15.0,5548.5867965509315,4345.486358660439,44.0,0.4,0.5217391304347826,3,True,4,1,2,20.5,3.1,0.0,0,11.7,5.724918032786887,-1.8344262295081966,-28.142076502732237,-1.4832786885245905,0.0,0.0,0.0,0,0.0
2025-04-24,2025-04-25,37.13814957635629,43.19224785621486,0.8598336835810814,1,0,0,0,1.0,0,4.0,15.0,4161.440097413199,4045.7976442700638,0.0,0.5333333333333333,0.5,4,True,4,1,3,20.2,3.8,0.0,0,11.8,5.301311475409834,-1.2226229508196722,-27.855191256830604,-1.3826229508196715,0.0,0.0,0.0,0,0.0
2025-04-25,2025-04-26,27.85361218226722,40.213472141993144,0.692643800662538,2,0,0,0,0.0,0,3.0,14.0,3121.080073059899,3766.7771170790247,0.0,0.36666666666666664,0.48,5,True,4,1,4,18.0,6.5,0.0,0,8.7,2.9626229508196698,1.378032786885246,-27.74590163934426,-4.50655737704918,0.0,0.0,0.0,0,0.0
2025-04-26,2025-04-27,20.890209136700413,37.44012923564879,0.5579630616448221,3,0,0,0,0.0,0,3.0,14.0,2340.8100547949243,3506.999384866678,0.0,0.2,0.46153846153846156,6,True,4,1,5,14.7,7.6,0.0,0,11.8,-0.4081967213114783,2.372786885245901,-28.07377049180328,-1.442295081967215,0.0,0.0,0.0,0,0.0
2025-04-27,2025-04-28,15.66765685252531,34.858051357328186,0.44947024410277336,4,0,0,0,0.0,0,2.0,13.0,1755.6075410961932,3265.1373583241484,0.0,0.4,0.4444444444444444,0,True,4,1,6,13.7,8.3,29.166666666666668,1,14.4,-1.523606557377052,3.0124590163934437,1.584699453551913,1.25049180327869,0.0,14.285714285714285,60.0,0,0.0
2025-04-28,2025-04-29,11.750742639393982,32.45404781544348,0.3620732521939008,5,0,0,0,0.0,0,1.0,13.0,1316.705655822145,3039.9554715431727,0.0,0.1,0.42857142857142855,1,False,4,1,7,13.1,8.5,54.166666666666664,1,13.8,-2.2386885245901613,3.1311475409836067,26.47540983606557,0.6770491803278702,50.0,85.71428571428571,0.0,0,0.0
2025-04-29,2025-04-30,8.813056979545486,30.215837621274964,0.2916701198228645,6,0,0,0,0.0,0,1.0,12.0,987.5292418666088,2830.3033700574365,0.0,0.4666666666666667,0.41379310344827586,2,False,4,1,8,15.1,6.8,4.166666666666666,1,8.3,-0.3337704918032802,1.3403278688524596,-23.442622950819676,-4.790819672131146,0.0,14.285714285714285,0.0,0,0.0
2025-04-30,2025-05-01,6.6097927346591145,28.131986750842206,0.2349564854128631,7,0,0,0,0.0,0,0.0,12.0,740.6469313999567,2635.110034191406,0.0,0.3870967741935484,0.5,3,False,5,1,9,22.2,4.4,0.0,0,8.4,6.651475409836065,-1.1698360655737696,-27.281420765027324,-4.677049180327868,0.0,0.0,0.0,1,232.0
2025-05-01,2025-05-02,62.957344550994335,42.19184973354274,1.4921683914925143,0,1,1,1,1.0,0,1.0,13.0,3275.735198549967,3203.7921007988953,232.0,0.5161290322580645,1.0,4,False,5,1,0,20.6,8.7,4.166666666666666,1,16.1,4.896065573770494,3.0308196721311473,-23.032786885245898,3.0668852459016414,0.0,0.0,20.0,1,35.0
2025-05-02,2025-05-03,55.968008413245755,41.695860096746685,1.342291735519629,1,2,1,0,2.0,1,2.0,14.0,5028.551398912476,3692.289197295523,35.0,0.3548387096774194,1.0,5,False,5,1,0,13.3,7.1,50.0,1,11.5,-2.5704918032786885,1.3085245901639349,23.237704918032783,-1.5406557377049186,75.0,14.285714285714285,60.0,0,0.0
2025-05-03,2025-05-04,41.97600630993432,38.82028353835036,1.0812905647241458,2,0,0,0,1.0,0,2.0,14.0,3771.4135491843567,3437.64856299928,0.0,0.1935483870967742,0.6666666666666666,6,False,5,1,1,14.3,5.8,12.5,1,14.2,-1.6832786885245916,-0.12196721311475489,-14.357923497267759,1.1281967213114754,0.0,42.857142857142854,0.0,1,180.0
2025-05-04,2025-05-05,76.48200473245075,48.5568157081193,1.5751033838831818,0,1,1,1,1.0,0,3.0,14.0,6473.560161888267,4206.086593137261,180.0,0.3870967741935484,0.75,0,False,5,1,0,18.7,2.6,0.0,0,10.4,2.5606557377049164,-3.4491803278688526,-26.543715846994537,-2.630819672131146,0.0,0.0,0.0,0,0.0
2025-05-05,2025-05-06,57.36150354933806,45.20806979721452,1.268833281461452,1,0,0,0,1.0,0,3.0,13.0,4855.1701214162,3916.0116556795188,0.0,0.0967741935483871,0.6,1,True,5,1,1,24.2,5.7,0.0,0,12.1,7.9455737704918015,-0.49639344262295104,-27.103825136612027,-0.9829508196721299,0.0,0.0,0.0,0,0.0
2025-05-06,2025-05-07,43.02112766200354,42.09027188016524,1.0221156989550586,2,0,0,0,0.0,0,3.0,13.0,3641.3775910621503,3645.9418863223104,0.0,0.45161290322580644,0.5,2,True,5,1,2,16.7,8.3,20.833333333333336,1,15.3,0.35836065573770526,1.9918032786885256,-6.311475409836067,2.242295081967214,0.0,0.0,40.0,1,101.0
2025-05-07,2025-05-08,57.515845746502656,46.15301175049867,1.2461991875509881,0,1,1,1,1.0,0,4.0,14.0,4890.283193296613,3990.152790713875,101.0,0.40625,0.5714285714285714,3,True,5,1,3,15.3,6.4,0.0,0,12.7,-1.1688524590163922,0.028852459016394327,-27.11748633879781,-0.3393442622950822,0.0,0.0,0.0,1,87.0
2025-05-08,2025-05-09,64.88688430987699,48.97004542287807,1.3250321446416875,0,2,1,1,2.0,1,4.0,15.0,5964.962394972459,4348.693977561194,87.0,0.53125,0.625,4,True,5,1,4,19.3,4.8,0.0,0,9.7,2.6819672131147563,-1.6645901639344265,-26.939890710382517,-3.2668852459016406,0.0,0.0,0.0,0,0.0
2025-05-09,2025-05-10,48.66516323240774,45.59280091095545,1.067387005405804,1,0,0,0,1.0,0,3.0,14.0,6587.971796229344,4632.025427384559,0.0,0.34375,0.5555555555555556,5,True,5,1,5,16.4,7.5,0.0,0,13.0,-0.333770491803282,0.9144262295081962,-26.734972677595632,0.0986885245901643,0.0,0.0,0.0,1,89.0
2025-05-10,2025-05-11,58.74887242430581,48.586400848130936,1.2091628809456425,0,1,1,1,1.0,0,4.0,15.0,5580.2288471720085,4488.920225495968,89.0,0.21875,0.6,6,True,5,1,6,15.0,8.7,29.166666666666668,1,14.3,-1.861967213114756,1.9885245901639337,2.459016393442621,1.4780327868852474,0.0,28.57142857142857,80.0,1,4.0
2025-05-11,2025-05-12,45.06165431822936,45.51147665170811,0.990116287877865,1,2,1,0,2.0,1,4.0,16.0,4812.671635379006,4352.442968565212,4.0,0.375,0.6363636363636364,0,True,5,1,7,16.5,6.0,16.666666666666664,1,11.5,-0.4842622950819653,-0.8731147540983608,-10.05464480874317,-1.2918032786885245,25.0,42.857142857142854,0.0,0,0.0
2025-05-12,2025-05-13,33.79624073867202,42.372754124004096,0.797593676346058,2,0,0,0,1.0,0,4.0,15.0,3609.5037265342544,4052.274487974508,0.0,0.09375,0.5833333333333334,1,True,5,1,8,16.3,8.4,4.166666666666666,1,13.2,-0.8281967213114747,1.369180327868854,-22.786885245901637,0.44426229508196613,0.0,14.285714285714285,0.0,1,11.0
2025-05-13,2025-05-14,28.097180554004012,40.20911590855554,0.6987763823980423,3,1,1,0,1.0,0,5.0,15.0,2929.377794900691,3834.1176267348865,11.0,0.46875,0.6153846153846154,2,True,5,1,9,14.8,9.4,58.333333333333336,1,13.4,-2.3934426229508183,2.210819672131147,30.710382513661205,0.6724590163934447,100.0,100.0,20.0,1,68.0
2025-05-14,2025-05-15,38.07288541550301,42.12572860451723,0.9037917367064928,0,2,1,1,2.0,1,5.0,15.0,4316.783346175518,4154.454342132481,68.0,0.42424242424242425,0.6428571428571429,3,True,5,1,10,12.3,7.0,50.0,1,13.0,-4.9465573770491815,-0.33803278688524596,21.92622950819672,0.22688524590163794,0.0,28.57142857142857,100.0,1,39.0
2025-05-15,2025-05-16,38.30466406162726,41.91016111455052,0.9139708138303603,1,3,1,0,2.0,1,5.0,16.0,5591.087509631639,4517.181628881965,39.0,0.5151515151515151,0.6666666666666666,4,True,5,1,0,13.9,7.9,45.83333333333333,1,10.0,-3.3963934426229496,0.4449180327868847,17.499999999999996,-2.8111475409836046,75.0,28.57142857142857,40.0,1,96.0
2025-05-16,2025-05-17,52.728498046220444,45.64049483078841,1.1553007530201134,0,4,1,1,2.0,1,6.0,16.0,6335.315632223729,4796.548413097001,96.0,0.36363636363636365,0.6875,5,True,5,1,1,13.7,8.8,100.0,1,14.7,-3.6613114754098355,1.233114754098363,71.54371584699453,1.8901639344262282,100.0,100.0,100.0,1,4.0
2025-05-17,2025-05-18,40.546373534665335,42.768736566596104,0.9480376740035263,1,5,1,0,2.0,1,6.0,16.0,5411.486724167797,4647.82093633169,4.0,0.24242424242424243,0.7058823529411765,6,True,5,1,2,14.5,7.1,33.33333333333333,1,17.0,-2.8822950819672144,-0.5767213114754108,4.617486338797814,4.226229508196722,0.0,57.14285714285714,0.0,1,12.0
2025-05-18,2025-05-19,33.409780150999,40.646754734417065,0.8219544307853374,2,6,1,0,2.0,1,6.0,16.0,4748.8650431258475,4517.695354515711,12.0,0.36363636363636365,0.7222222222222222,0,True,5,1,3,15.0,7.4,41.66666666666667,1,22.2,-2.418032786885245,-0.3816393442622932,12.759562841530055,9.48,100.0,42.857142857142854,40.0,1,18.0
2025-05-19,2025-05-20,29.55733511324925,39.084909580319334,0.7562339386383649,3,7,1,0,2.0,1,7.0,17.0,4174.148782344386,4375.095674893938,18.0,0.12121212121212122,0.7368421052631579,1,True,5,1,4,14.2,7.4,50.0,1,17.2,-3.3029508196721302,-0.47704918032786825,21.243169398907103,4.519344262295082,0.0,85.71428571428571,80.0,1,75.0
2025-05-20,2025-05-21,40.91800133493693,41.56181236788352,0.9845095534514254,0,8,1,1,2.0,1,7.0,17.0,5185.111586758289,4640.123559384011,75.0,0.48484848484848486,0.75,2,True,5,1,5,16.5,8.1,37.5,1,12.2,-1.1045901639344287,0.1088524590163944,8.538251366120221,-0.4226229508196724,100.0,42.857142857142854,0.0,1,87.0
2025-05-21,2025-05-22,52.438501001202695,44.69548048044327,1.1732394514507438,0,9,1,1,2.0,1,7.0,17.0,6007.583690068717,4904.597796667872,87.0,0.4411764705882353,0.7619047619047619,3,True,5,1,6,18.6,7.4,12.5,1,11.8,0.8563934426229558,-0.698688524590164,-16.215846994535514,-0.7468852459016393,75.0,0.0,0.0,1,18.0
2025-05-22,2025-05-23,43.82887575090202,42.854412861102354,1.0227389158955007,1,10,1,0,2.0,1,7.0,18.0,6613.937767551538,5147.935879656295,18.0,0.5294117647058824,0.7727272727272727,4,True,5,1,0,17.7,6.7,4.166666666666666,1,13.0,-0.19081967213114837,-1.5098360655737695,-24.48087431693989,0.4524590163934423,0.0,14.285714285714285,0.0,0,0.0
2025-05-23,2025-05-24,32.871656813176514,39.89893611206081,0.8238730155824866,2,0,0,0,1.0,0,6.0,17.0,4960.453325663653,4792.9058189903435,0.0,0.38235294117647056,0.7391304347826086,5,True,5,1,1,21.8,6.4,0.0,0,10.3,3.7534426229508213,-1.9009836065573769,-28.15573770491803,-2.214098360655738,0.0,0.0,0.0,0,0.0
2025-05-24,2025-05-25,24.653742609882386,37.147285345711786,0.6636754847747809,3,0,0,0,0.0,0,5.0,17.0,3720.33999424774,4462.360590094458,0.0,0.2647058823529412,0.7083333333333334,6,True,5,1,2,19.9,9.6,0.0,0,11.8,1.7167213114754105,1.2052459016393442,-27.37704918032787,-0.7186885245901617,0.0,0.0,0.0,0,0.0
2025-05-25,2025-05-26,18.49030695741179,34.58540359773166,0.5346274738463513,4,0,0,0,0.0,0,4.0,17.0,2790.2549956858047,4154.6115838810465,0.0,0.38235294117647056,0.68,0,True,5,1,3,18.6,10.6,33.33333333333333,1,15.7,0.22852459016393922,2.10983606557377,6.5300546448087395,3.1770491803278684,75.0,42.857142857142854,0.0,1,27.0
2025-05-26,2025-05-27,20.617730218058842,34.062272315129476,0.6052952083558161,5,1,1,0,1.0,0,4.0,18.0,3625.1912467643533,4290.845267751319,27.0,0.14705882352941177,0.6923076923076923,1,False,5,1,4,21.2,8.0,0.0,0,11.1,2.5865573770491785,-0.5937704918032782,-26.120218579234972,-1.3495081967213132,0.0,0.0,0.0,0,0.0
2025-05-27,2025-05-28,15.463297663544132,31.713150086499855,0.48759891784218523,6,0,0,0,1.0,0,3.0,18.0,2718.893435073265,3994.9249044581243,0.0,0.5,0.6666666666666666,2,False,5,1,5,26.9,8.8,0.0,0,13.7,8.072131147540983,0.08000000000000007,-25.874316939890708,1.1875409836065582,0.0,0.0,0.0,1,30.0
2025-05-28,2025-05-29,19.0974732476581,31.59500180467228,0.6044460249036593,7,1,1,0,1.0,0,3.0,19.0,4032.420076304949,4269.27491104722,30.0,0.45714285714285713,0.6785714285714286,3,False,5,1,6,17.9,10.7,41.66666666666667,1,18.1,-1.0577049180327904,1.8518032786885232,15.601092896174869,5.5842622950819685,75.0,100.0,0.0,0,0.0
2025-05-29,2025-05-30,14.323104935743576,29.41603616297074,0.4869148533946145,8,0,0,0,1.0,0,2.0,19.0,3024.315057228712,3974.8421585612045,0.0,0.5142857142857142,0.6551724137931034,4,False,5,1,7,23.6,7.5,0.0,0,10.3,4.541639344262297,-1.454426229508197,-25.956284153005463,-2.219672131147542,0.0,0.0,0.0,0,0.0
2025-05-30,2025-05-31,10.742328701807683,27.387344013800345,0.3922369652345506,9,0,0,0,0.0,0,2.0,19.0,2268.2362929215337,3700.71511314319,0.0,0.37142857142857144,0.6333333333333333,5,False,5,1,8,15.9,9.8,12.5,1,16.3,-3.3055737704918062,0.7554098360655725,-12.841530054644807,3.8213114754098356,0.0,42.857142857142854,0.0,0,0.0
2025-05-31,2025-06-01,8.056746526355763,25.49856166802101,0.31596866643894356,10,0,0,0,0.0,0,2.0,18.0,1701.1772196911502,3445.4933812022805,0.0,0.2571428571428571,0.5,6,False,6,2,9,17.6,8.0,0.0,0,12.4,-1.7485245901639352,-1.1521311475409828,-25.136612021857925,-0.07475409836065516,0.0,0.0,0.0,0,0.0
2025-06-01,2025-06-02,6.042559894766822,23.740040173674736,0.25453031463137116,11,0,0,0,0.0,0,2.0,17.0,1275.8829147683628,3207.8731480159163,0.0,0.4,0.0,0,False,6,2,10,19.0,6.0,0.0,0,10.7,-0.4593442622950832,-3.2675409836065565,-25.19125683060109,-1.8062295081967221,0.0,0.0,0.0,0,0.0
2025-06-02,2025-06-03,4.531919921075117,22.102796023766132,0.2050383090086046,12,0,0,0,0.0,0,1.0,17.0,956.9121860762721,2986.640517118267,0.0,0.14285714285714285,0.0,1,False,6,2,11,20.8,7.3,0.0,0,14.8,1.243278688524594,-2.0622950819672132,-25.218579234972676,2.292459016393442,0.0,0.0,0.0,1,88.0
2025-06-03,2025-06-04,25.398939940806336,26.647430780747776,0.9531477968659009,0,1,1,1,1.0,0,2.0,17.0,2831.934139557204,3363.9066883514897,88.0,0.5142857142857142,0.3333333333333333,2,False,6,2,0,19.3,11.1,8.333333333333332,1,7.2,-0.37967213114754017,1.630819672131146,-16.693989071038253,-5.282622950819671,0.0,28.57142857142857,0.0,1,40.0
2025-06-04,2025-06-05,29.04920495560475,27.568297623454825,1.0537177649623888,1,2,1,0,2.0,1,2.0,18.0,4468.2006046679035,3778.6027788100077,40.0,0.4444444444444444,0.5,3,False,6,2,0,22.7,9.8,0.0,0,10.6,2.8478688524590154,0.23016393442622984,-24.207650273224047,-1.8137704918032806,0.0,0.0,0.0,1,69.0
2025-06-05,2025-06-06,39.03690371670356,30.425656408044148,1.283025851379256,0,3,1,1,2.0,1,3.0,19.0,6470.150453500928,4378.42327682311,69.0,0.5,0.6,4,False,6,2,0,24.8,11.7,0.0,0,11.7,4.758360655737711,2.0373770491803267,-23.510928961748636,-0.6265573770491812,0.0,0.0,0.0,1,161.0
2025-06-06,2025-06-07,69.52767778752767,39.43078355231697,1.7632842039590206,0,4,1,1,2.0,1,4.0,19.0,6855.862840125696,4629.083740490482,161.0,0.3611111111111111,0.6666666666666666,5,False,6,2,1,24.6,11.7,0.0,0,11.7,4.369836065573772,1.924918032786886,-22.745901639344265,-0.5065573770491802,0.0,0.0,0.0,1,21.0
2025-06-07,2025-06-08,57.39575834064575,38.15969503146752,1.5040937379954333,1,5,1,0,2.0,1,5.0,19.0,5809.897130094272,4494.1124480428625,21.0,0.25,0.7142857142857143,6,False,6,2,2,29.0,13.7,0.0,0,8.6,8.624262295081966,3.7940983606557364,-22.882513661202182,-3.5937704918032782,0.0,0.0,0.0,0,0.0
2025-06-08,2025-06-09,43.04681875548431,35.52799192584907,1.2116310667185435,2,0,0,0,1.0,0,5.0,19.0,4357.422847570704,4184.173658522665,0.0,0.3888888888888889,0.625,0,False,6,2,3,27.6,14.3,0.0,0,10.3,7.081967213114755,4.2655737704918035,-22.73224043715847,-1.8662295081967208,0.0,0.0,0.0,0,0.0
2025-06-09,2025-06-10,32.28511406661323,33.07778558613534,0.9760361370788267,3,0,0,0,0.0,0,5.0,18.0,3268.067135678028,3895.609957934895,0.0,0.16666666666666666,0.5555555555555556,1,True,6,2,4,25.4,13.3,0.0,0,9.0,4.8022950819672126,3.130819672131148,-22.8551912568306,-3.160327868852459,0.0,0.0,0.0,0,0.0
2025-06-10,2025-06-11,24.213835549959924,30.796558993988075,0.7862513326468327,4,0,0,0,0.0,0,4.0,17.0,2451.050351758521,3626.947202215247,0.0,0.5277777777777778,0.5,2,True,6,2,5,22.0,12.0,0.0,0,12.4,1.3380327868852468,1.7147540983606557,-22.841530054644807,0.23114754098360635,0.0,0.0,0.0,1,50.0
2025-06-11,2025-06-12,30.660376662469943,32.120934235782,0.9545294180240551,0,1,1,1,1.0,0,4.0,18.0,4083.787763818891,3996.2611882693677,50.0,0.4594594594594595,0.5454545454545454,3,True,6,2,0,19.4,9.7,12.5,1,12.9,-1.3278688524590194,-0.666885245901641,-10.000000000000004,0.7780327868852464,0.0,28.57142857142857,20.0,1,53.0
2025-06-12,2025-06-13,36.245282496852454,33.560869805728075,1.0799863861295458,0,2,1,1,2.0,1,4.0,18.0,5279.090822864168,4332.036278733549,53.0,0.5135135135135135,0.5833333333333334,4,True,6,2,0,17.1,9.9,4.166666666666666,1,12.1,-3.690163934426227,-0.5537704918032791,-18.087431693989075,-0.012131147540983989,0.0,14.285714285714285,0.0,1,51.0
2025-06-13,2025-06-14,39.933961872639344,34.76356843981579,1.148730227214009,0,3,1,1,2.0,1,4.0,18.0,6068.8181171481265,4615.206190545028,51.0,0.3783783783783784,0.6153846153846154,5,True,6,2,1,19.2,10.2,0.0,0,13.4,-1.6734426229508195,-0.30688524590164157,-21.88524590163934,1.3193442622950808,0.0,0.0,0.0,1,87.0
2025-06-14,2025-06-15,51.70047140447951,38.36608096120781,1.347556750890303,0,4,1,1,2.0,1,4.0,18.0,7371.863587861095,5074.916108438474,87.0,0.24324324324324326,0.6428571428571429,6,True,6,2,0,20.7,8.7,0.0,0,10.3,-0.25967213114754273,-1.8557377049180328,-21.50273224043716,-1.753114754098359,0.0,0.0,0.0,0,0.0
2025-06-15,2025-06-16,38.77535355335963,35.720144343193475,1.0855318271060774,1,0,0,0,1.0,0,4.0,17.0,5528.897690895821,4724.921894063406,0.0,0.3783783783783784,0.6,0,True,6,2,1,22.1,8.5,0.0,0,13.9,1.0760655737704923,-2.1268852459016383,-21.420765027322407,1.8698360655737698,0.0,0.0,0.0,0,0.0
2025-06-16,2025-06-17,29.081515165019724,33.25668611262841,0.8744561940576735,2,0,0,0,0.0,0,4.0,16.0,4146.673268171866,4399.065211714206,0.0,0.16216216216216217,0.5625,1,True,6,2,2,23.8,10.1,0.0,0,13.5,2.67704918032787,-0.6137704918032778,-21.202185792349724,1.5357377049180325,0.0,0.0,0.0,1,38.0
2025-06-17,2025-06-18,31.311136373764793,33.58381120830921,0.932328263148939,3,1,1,0,1.0,0,5.0,16.0,5416.5049511289,4731.9572660787435,38.0,0.5405405405405406,0.5882352941176471,2,True,6,2,0,20.1,13.1,29.166666666666668,1,18.6,-1.1347540983606557,2.315409836065573,8.469945355191257,6.716393442622952,75.0,42.857142857142854,0.0,0,0.0
2025-06-18,2025-06-19,23.483352280323594,31.26768629739133,0.7510422119810898,4,0,0,0,1.0,0,4.0,15.0,4062.378713346675,4405.615385659519,0.0,0.47368421052631576,0.5555555555555556,3,True,6,2,1,19.5,10.4,4.166666666666666,1,10.2,-1.9206557377049158,-0.46295081967213036,-16.03825136612022,-1.6698360655737723,0.0,14.285714285714285,0.0,1,28.0
2025-06-19,2025-06-20,24.612514210242693,31.042328621709167,0.7928694560958341,5,1,1,0,1.0,0,4.0,15.0,5329.534035010006,4731.503979751966,28.0,0.5263157894736842,0.5789473684210527,4,True,6,2,0,16.3,10.7,54.166666666666664,1,12.8,-5.285573770491801,-0.268196721311476,34.31693989071039,0.9272131147540996,50.0,85.71428571428571,80.0,1,37.0
2025-06-20,2025-06-21,27.70938565768202,31.453202509867157,0.8809718390039721,6,2,1,0,2.0,1,4.0,15.0,6188.150526257505,5009.607153562175,37.0,0.39473684210526316,0.6,5,True,6,2,1,15.4,10.0,70.83333333333334,1,16.8,-6.359999999999998,-1.0740983606557393,51.36612021857924,4.944918032786886,100.0,100.0,60.0,0,0.0
2025-06-21,2025-06-22,20.782039243261515,29.284016129876317,0.7096717591976442,7,0,0,0,1.0,0,3.0,14.0,4641.1128946931285,4664.117005040645,0.0,0.23684210526315788,0.5714285714285714,6,True,6,2,2,19.4,11.8,8.333333333333332,1,8.4,-2.534754098360658,0.6075409836065582,-10.614754098360656,-3.445901639344262,0.0,0.0,0.0,0,0.0
2025-06-22,2025-06-23,15.586529432446136,27.2644288105745,0.5716800282425468,8,0,0,0,0.0,0,3.0,14.0,3480.8346710198466,4342.453763313704,0.0,0.3684210526315789,0.5454545454545454,0,True,6,2,3,23.7,11.6,0.0,0,10.1,1.640983606557377,0.3239344262295081,-18.60655737704918,-1.712459016393444,0.0,0.0,0.0,0,0.0
2025-06-23,2025-06-24,11.689897074334603,25.384123375362464,0.4605200227509405,9,0,0,0,0.0,0,3.0,14.0,2724.376003264885,4074.353503774828,0.0,0.18421052631578946,0.5217391304347826,1,False,6,2,4,25.1,10.9,0.0,0,12.3,2.910163934426233,-0.46196721311475386,-18.346994535519126,0.4655737704918046,0.0,0.0,0.0,1,54.0
2025-06-24,2025-06-25,22.267422805750954,27.357632108096087,0.8139382355083735,0,1,1,1,1.0,0,3.0,15.0,4236.532002448664,4398.398089721391,54.0,0.5263157894736842,0.5416666666666666,2,False,6,2,5,20.4,12.9,12.5,1,14.5,-1.8918032786885277,1.468852459016393,-5.696721311475411,2.649836065573769,0.0,42.857142857142854,0.0,1,1.0
2025-06-25,2025-06-26,16.950567104313215,25.539864376503253,0.6636905683770108,1,2,1,0,2.0,1,4.0,15.0,3469.1490018364975,4175.543049050951,1.0,0.48717948717948717,0.56,3,False,6,2,6,18.2,13.6,25.0,1,10.8,-4.219016393442626,2.1055737704918016,7.185792349726778,-1.0216393442622937,0.0,0.0,80.0,1,28.0
2025-06-26,2025-06-27,19.71292532823491,25.709528902261646,0.7667556026863168,2,3,1,0,2.0,1,4.0,16.0,4841.861751377373,4505.5055973922645,28.0,0.5384615384615384,0.5769230769230769,4,False,6,2,0,18.9,12.2,25.0,1,11.4,-3.7029508196721324,0.6527868852459005,7.855191256830604,-0.351803278688525,25.0,57.14285714285714,20.0,0,0.0
2025-06-27,2025-06-28,14.784693996176182,23.936457943484978,0.6176642354973109,3,0,0,0,1.0,0,3.0,15.0,3631.39631353303,4194.781073434177,0.0,0.38461538461538464,0.5555555555555556,5,False,6,2,1,22.1,13.0,4.166666666666666,1,11.4,-0.6901639344262271,1.3593442622950835,-12.663934426229508,-0.35934426229508176,0.0,14.285714285714285,0.0,1,193.0
2025-06-28,2025-06-29,59.33852049713214,35.59601256807222,1.666999088273042,0,1,1,1,1.0,0,4.0,16.0,6984.047235149772,5080.796171818027,193.0,0.23076923076923078,0.5714285714285714,6,False,6,2,0,,,,0,,,,,,,,,1,94.0
2025-06-29,2025-06-30,68.0038903728491,39.62387377027413,1.7162352870169317,0,2,1,1,2.0,1,5.0,17.0,9852.035426362329,6003.224022037473,94.0,0.358974358974359,0.5862068965517241,0,False,6,2,0,27.6,13.2,0.0,0,11.6,4.4770491803278745,1.3580327868852464,-15.98360655737705,-0.1432786885245907,0.0,0.0,0.0,0,0.0
2025-06-30,2025-07-01,51.002917779636824,36.891192820600054,1.3825228700969727,1,0,0,0,1.0,0,5.0,17.0,7389.026569771746,5589.208572241785,0.0,0.20512820512820512,0.5,1,True,7,2,1,27.1,12.9,0.0,0,14.7,3.8239344262295063,0.9445901639344267,-15.806010928961747,2.9642622950819675,0.0,0.0,0.0,0,0.0
2025-07-01,2025-07-02,38.25218833472762,34.34697262607591,1.1136989786892282,2,0,0,0,0.0,0,4.0,17.0,5541.769927328809,5203.745912087179,0.0,0.5384615384615384,0.0,2,True,7,2,2,25.1,12.9,0.0,0,16.7,1.6973770491803286,0.8183606557377061,-15.560109289617488,4.977049180327867,0.0,0.0,0.0,1,40.0
2025-07-02,2025-07-03,38.68914125104571,34.73683658289826,1.113778485807578,3,1,1,0,1.0,0,4.0,18.0,6300.827445496607,5436.453090563925,40.0,0.5,0.5,3,True,7,2,0,22.1,13.2,0.0,0,12.3,-1.395409836065575,1.0540983606557361,-15.478142076502735,0.6022950819672133,0.0,0.0,0.0,1,45.0
2025-07-03,2025-07-04,40.26685593828428,35.44464095649149,1.1360491981767311,0,2,1,1,2.0,1,4.0,18.0,8142.870584122455,6004.214946387103,45.0,0.525,0.6666666666666666,4,True,7,2,0,23.8,10.2,0.0,0,9.9,0.16163934426229432,-2.0075409836065568,-14.959016393442623,-1.728196721311475,0.0,0.0,0.0,0,0.0
2025-07-04,2025-07-05,30.20014195371321,33.00018295949208,0.9151507429757,1,0,0,0,1.0,0,4.0,17.0,6107.152938091841,5590.131156981096,0.0,0.4,0.5,5,True,7,2,1,23.3,12.6,0.0,0,12.9,-0.45770491803278546,0.3193442622950826,-14.617486338797812,1.3295081967213118,0.0,0.0,0.0,0,0.0
2025-07-05,2025-07-06,22.650106465284907,30.724308272630555,0.7372047651748694,2,0,0,0,0.0,0,3.0,16.0,4580.364703568881,5204.604870292745,0.0,0.25,0.4,6,True,7,2,2,25.0,11.0,0.0,0,11.8,1.090491803278688,-1.3563934426229505,-13.866120218579235,0.3344262295081979,0.0,0.0,0.0,0,0.0
2025-07-06,2025-07-07,16.98757984896368,28.605390460724998,0.5938593941686449,3,0,0,0,0.0,0,2.0,15.0,3435.2735276766607,4845.666603376004,0.0,0.35,0.3333333333333333,0,True,7,2,3,27.6,12.3,0.0,0,12.3,3.542950819672132,-0.15442622950819462,-13.688524590163935,0.8298360655737707,0.0,0.0,0.0,0,0.0
2025-07-07,2025-07-08,12.740684886722761,26.63260491170948,0.4783867341914084,4,0,0,0,0.0,0,2.0,14.0,2576.4551457574953,4511.4826996949005,0.0,0.2,0.2857142857142857,1,False,7,2,4,29.7,13.2,0.0,0,15.4,5.591475409836065,0.6563934426229494,-13.60655737704918,3.91672131147541,0.0,0.0,0.0,0,0.0
2025-07-08,2025-07-09,9.55551366504207,24.795873538488134,0.3853670914319679,5,0,0,0,0.0,0,2.0,14.0,1932.3413593181215,4200.345961784908,0.0,0.55,0.25,2,False,7,2,5,20.1,15.1,50.0,1,14.2,-4.099016393442625,2.487540983606557,36.65300546448088,2.7114754098360656,50.0,85.71428571428571,20.0,1,37.0
2025-07-09,2025-07-10,16.416635248781553,25.637537432385503,0.6403358860841273,6,1,1,0,1.0,0,2.0,15.0,3522.756019488591,4482.666929937673,37.0,0.5121951219512195,0.3333333333333333,3,False,7,2,6,22.5,13.9,20.833333333333336,1,10.2,-1.832786885245902,1.2206557377049183,7.704918032786889,-1.252459016393443,0.0,0.0,0.0,0,0.0
2025-07-10,2025-07-11,12.312476436586165,23.869431402565812,0.5158261304566581,7,0,0,0,1.0,0,1.0,15.0,2642.067014616443,4173.517486493695,0.0,0.5121951219512195,0.3,4,False,7,2,7,27.2,11.6,0.0,0,14.9,2.761967213114751,-1.1344262295081968,-12.45901639344262,3.449508196721313,0.0,0.0,0.0,0,0.0
2025-07-11,2025-07-12,9.234357327439623,22.22326371963024,0.4155266050900857,8,0,0,0,0.0,0,1.0,14.0,2524.8002609623322,4035.5507632872336,0.0,0.3902439024390244,0.2727272727272727,5,False,7,2,8,26.8,15.1,0.0,0,13.8,2.2478688524590176,2.320327868852459,-12.03551912568306,2.355081967213115,0.0,0.0,0.0,1,525.0
2025-07-12,2025-07-13,138.17576799557972,56.897521394138494,2.42850241293313,0,1,1,1,1.0,0,2.0,14.0,10130.850195721749,6029.581745129493,525.0,0.24390243902439024,0.3333333333333333,6,False,7,2,0,29.9,14.3,0.0,0,13.5,5.246557377049179,1.4688524590163965,-11.448087431693988,2.057049180327869,0.0,0.0,0.0,0,0.0
2025-07-13,2025-07-14,103.6318259966848,52.97355440143929,1.9562936104183548,1,0,0,0,1.0,0,2.0,13.0,7598.137646791311,5613.7485213274595,0.0,0.34146341463414637,0.3076923076923077,0,False,7,2,1,26.2,15.9,0.0,0,17.2,1.3999999999999986,3.0065573770491802,-10.669398907103824,5.797049180327869,0.0,0.0,0.0,0,0.0
2025-07-14,2025-07-15,77.72386949751359,49.32020582202968,1.5759031861703414,2,0,0,0,0.0,0,2.0,12.0,5698.603235093484,5226.593450891083,0.0,0.1951219512195122,0.2857142857142857,1,True,7,2,2,29.6,13.5,0.0,0,13.9,4.6544262295082,0.5308196721311482,-10.150273224043715,2.5357377049180343,0.0,0.0,0.0,0,0.0
2025-07-15,2025-07-16,58.29290212313519,45.91881231706211,1.2694775666372196,3,0,0,0,0.0,0,2.0,12.0,4273.952426320113,4866.138730139974,0.0,0.5609756097560976,0.26666666666666666,2,True,7,2,3,32.8,14.6,0.0,0,11.2,7.6944262295081955,1.5554098360655733,-9.71311475409836,-0.12754098360655775,0.0,0.0,0.0,1,102.0
2025-07-16,2025-07-17,69.21967659235139,49.78648043312679,1.3903307884020295,0,1,1,1,1.0,0,2.0,13.0,5249.714319740085,5094.47399013032,102.0,0.5,0.3125,3,True,7,2,4,29.4,15.5,0.0,0,11.6,4.128196721311475,2.3888524590163946,-9.153005464480874,0.3199999999999985,0.0,0.0,0.0,0,0.0
2025-07-17,2025-07-18,51.91475744426354,46.35293005842839,1.1199886906571905,1,0,0,0,1.0,0,2.0,12.0,6075.785739805064,5333.0619908109875,0.0,0.5,0.29411764705882354,4,True,7,2,0,24.1,15.1,0.0,0,12.8,-1.3459016393442624,1.9072131147540983,-8.66120218579235,1.541639344262295,0.0,0.0,0.0,0,0.0
2025-07-18,2025-07-19,38.936068083197654,43.1561762612954,0.9022131119182922,2,0,0,0,0.0,0,2.0,12.0,4556.839304853798,4965.264612134368,0.0,0.40476190476190477,0.2777777777777778,5,True,7,2,1,22.1,12.7,0.0,0,12.3,-3.5193442622950784,-0.5770491803278688,-8.087431693989071,1.041639344262295,0.0,0.0,0.0,1,6.0
2025-07-19,2025-07-20,30.70205106239824,40.5936813467233,0.7563258626425734,3,1,1,0,1.0,0,2.0,12.0,3927.8794786403487,4763.591190607859,6.0,0.23809523809523808,0.3157894736842105,6,True,7,2,2,22.5,11.7,0.0,0,9.7,-3.2186885245901635,-1.67377049180328,-8.032786885245901,-1.5829508196721314,0.0,0.0,0.0,1,3.0
2025-07-20,2025-07-21,23.77653829679868,38.00101366763893,0.6256816858821429,4,2,1,0,2.0,1,3.0,12.0,3608.1596089802615,4617.757315393524,3.0,0.3333333333333333,0.35,0,True,7,2,3,25.3,11.5,0.0,0,10.6,-0.46983606557376945,-1.932459016393441,-7.663934426229508,-0.7009836065573776,0.0,0.0,0.0,1,51.0
2025-07-21,2025-07-22,30.58240372259901,38.897495483663825,0.7862306645280803,0,3,1,1,2.0,1,4.0,13.0,4897.619706735196,4903.843017780177,51.0,0.19047619047619047,0.38095238095238093,1,True,7,2,4,26.0,12.8,0.0,0,12.4,0.23639344262295126,-0.6918032786885231,-7.800546448087431,1.117049180327868,0.0,0.0,0.0,1,64.0
2025-07-22,2025-07-23,38.93680279194926,40.62870269168701,0.9583570287100521,0,4,1,1,2.0,1,5.0,14.0,6476.714780051397,5339.026257933268,64.0,0.5714285714285714,0.4090909090909091,2,True,7,2,0,28.1,14.3,0.0,0,11.2,2.353770491803278,0.7760655737704951,-8.142076502732241,-0.11409836065573842,0.0,0.0,0.0,1,18.0
2025-07-23,2025-07-24,33.70260209396194,39.06810250605342,0.8626628869098488,1,5,1,0,2.0,1,5.0,15.0,5908.536085038548,5260.748584972353,18.0,0.4883720930232558,0.43478260869565216,3,True,7,2,1,25.7,14.1,0.0,0,11.0,-0.03278688524590123,0.5583606557377045,-8.456284153005464,-0.3363934426229509,0.0,0.0,0.0,0,0.0
2025-07-24,2025-07-25,25.276951570471457,36.37375060908422,0.6949228811218227,2,0,0,0,1.0,0,5.0,14.0,4431.402063778911,4897.9383377328795,0.0,0.4883720930232558,0.4166666666666667,4,True,7,2,2,22.0,12.8,0.0,0,13.7,-3.7403278688524573,-0.7422950819672121,-8.702185792349725,2.388524590163936,0.0,0.0,0.0,0,0.0
2025-07-25,2025-07-26,18.957713677853594,33.86521608431979,0.5597989875703572,3,0,0,0,0.0,0,5.0,13.0,3323.551547834183,4560.14948685475,0.0,0.4186046511627907,0.4,5,True,7,2,3,,,,0,,,,,,,,,1,54.0
2025-07-26,2025-07-27,27.718285258390196,35.25382187160808,0.7862490869596558,0,1,1,1,1.0,0,5.0,13.0,3241.913660875637,4452.346073968215,54.0,0.2558139534883721,0.4230769230769231,6,True,7,2,4,25.2,12.4,0.0,0,13.5,-0.4472131147540992,-1.1498360655737692,-9.125683060109289,2.1895081967213113,0.0,0.0,0.0,0,0.0
2025-07-27,2025-07-28,20.788713943792647,32.82252381149718,0.6333673200508338,1,0,0,0,1.0,0,4.0,13.0,2431.4352456567276,4145.287724039373,0.0,0.3488372093023256,0.4074074074074074,0,True,7,2,5,27.2,12.2,0.0,0,13.3,1.6403278688524594,-1.3314754098360666,-9.30327868852459,2.0563934426229515,0.0,0.0,0.0,0,0.0
2025-07-28,2025-07-29,15.591535457844486,30.558901479669785,0.5102125633742829,2,0,0,0,0.0,0,3.0,12.0,1823.5764342425457,3859.405812036657,0.0,0.20930232558139536,0.39285714285714285,1,True,7,2,6,29.1,11.3,0.0,0,11.5,3.5583606557377045,-2.1875409836065565,-8.825136612021858,0.2845901639344266,0.0,0.0,0.0,1,32.0
2025-07-29,2025-07-30,19.693651593383365,30.658287584520146,0.6423598036612782,3,1,1,0,1.0,0,3.0,12.0,3836.6823256819093,4274.343342241025,32.0,0.5813953488372093,0.41379310344827586,2,True,7,2,0,28.5,12.7,0.0,0,11.6,2.9718032786885225,-0.7521311475409824,-8.838797814207648,0.42622950819672134,0.0,0.0,0.0,0,0.0
2025-07-30,2025-07-31,14.770238695037524,28.543922923518757,0.5174565085049185,4,0,0,0,1.0,0,2.0,12.0,3153.511744261432,4055.69897381061,0.0,0.4772727272727273,0.4,3,True,7,2,1,27.8,14.7,0.0,0,7.7,2.297049180327871,1.2557377049180314,-9.030054644808743,-3.4714754098360645,0.0,0.0,0.0,0,0.0
2025-07-31,2025-08-01,11.077679021278144,26.575376515000222,0.41683996518451777,5,0,0,0,0.0,0,2.0,12.0,2365.133808196074,3775.99559630643,0.0,0.4772727272727273,0.5,4,True,8,2,2,27.3,15.4,0.0,0,12.4,1.7908196721311462,1.9731147540983613,-8.866120218579235,1.2445901639344257,0.0,0.0,0.0,1,44.0
2025-08-01,2025-08-02,19.308259265958608,27.777074686379517,0.6951149278302661,0,1,1,1,1.0,0,3.0,12.0,3828.350356147055,4082.3407275956415,44.0,0.4318181818181818,1.0,5,True,8,2,3,25.4,14.1,0.0,0,13.0,-0.13868852459016168,0.6980327868852445,-8.524590163934427,1.8963934426229514,0.0,0.0,0.0,0,0.0
2025-08-02,2025-08-03,14.481194449468955,25.86141436318093,0.5599536918632698,1,0,0,0,1.0,0,2.0,11.0,2871.2627671102914,3800.7999877614593,0.0,0.25,0.5,6,True,8,2,4,22.6,14.4,0.0,0,8.2,-3.006885245901639,0.9911475409836079,-8.169398907103824,-2.8629508196721307,0.0,0.0,0.0,1,61.0
2025-08-03,2025-08-04,26.110895837101715,28.28476509675466,0.9231434571856363,0,1,1,1,1.0,0,3.0,12.0,5837.947075332719,4555.08964377791,61.0,0.3409090909090909,0.6666666666666666,0,True,8,2,0,23.2,14.8,0.0,0,11.9,-2.391803278688524,1.391475409836067,-8.210382513661202,0.8052459016393438,0.0,0.0,0.0,1,52.0
2025-08-04,2025-08-05,32.58317187782629,29.920298538357784,1.0889988893678553,0,2,1,1,2.0,1,4.0,13.0,6453.710306499539,4813.428289034606,52.0,0.22727272727272727,0.75,1,True,8,2,1,25.9,14.3,0.0,0,10.9,0.3399999999999963,0.8862295081967222,-8.37431693989071,-0.22327868852459076,0.0,0.0,0.0,1,49.0
2025-08-05,2025-08-06,36.687378908369716,31.23614001847104,1.1745170461739243,0,3,1,1,2.0,1,4.0,14.0,6990.032729874654,5074.502200135667,49.0,0.5681818181818182,0.8,2,True,8,2,0,20.7,15.4,70.83333333333334,1,14.5,-4.818360655737706,1.9885245901639355,62.44535519125684,3.37967213114754,100.0,100.0,80.0,1,2.0
2025-08-06,2025-08-07,28.01553418127729,29.219854499955794,0.9587841781114849,1,4,1,0,2.0,1,5.0,15.0,5733.02454740599,4859.84687598838,2.0,0.4666666666666667,0.8333333333333334,3,True,8,2,1,20.7,13.8,50.0,1,11.0,-4.8304918032786865,0.4016393442622963,41.73497267759563,-0.10622950819671928,75.0,57.14285714285714,0.0,0,0.0
2025-08-07,2025-08-08,21.011650635957967,27.204692120648495,0.772353921256474,2,0,0,0,1.0,0,5.0,15.0,4299.768410554492,4524.68502247194,0.0,0.4888888888888889,0.7142857142857143,4,True,8,2,2,22.8,10.3,0.0,0,10.2,-2.757704918032786,-3.092131147540984,-7.923497267759564,-0.8783606557377048,0.0,0.0,0.0,0,0.0
2025-08-08,2025-08-09,15.758737976968476,25.328506457155495,0.6221739921232707,3,0,0,0,0.0,0,4.0,14.0,3224.826307915869,4212.637779542841,0.0,0.4222222222222222,0.625,5,True,8,2,3,24.9,12.3,0.0,0,11.5,-0.6498360655737727,-1.0911475409836058,-7.923497267759564,0.39803278688524557,0.0,0.0,0.0,1,102.0
2025-08-09,2025-08-10,37.31905348272636,30.61619566700684,1.2189317669844517,0,1,1,1,1.0,0,5.0,15.0,4905.619730936902,4608.180001643334,102.0,0.26666666666666666,0.6666666666666666,6,True,8,2,0,29.0,13.1,0.0,0,9.9,3.4363934426229505,-0.25770491803278617,-7.704918032786885,-1.2288524590163945,0.0,0.0,0.0,1,151.0
2025-08-10,2025-08-11,65.73929011204477,38.91852700031671,1.6891515475780932,0,2,1,1,2.0,1,5.0,16.0,8451.964798202676,5606.995173943794,151.0,0.35555555555555557,0.7,0,True,8,2,0,29.5,17.7,0.0,0,12.6,3.9334426229508175,4.355409836065572,-7.800546448087431,1.4875409836065572,0.0,0.0,0.0,0,0.0
2025-08-11,2025-08-12,49.304467584033574,36.234490655467276,1.3607054133267973,1,0,0,0,1.0,0,4.0,15.0,6338.973598652007,5220.305851602842,0.0,0.24444444444444444,0.6363636363636364,1,True,8,2,1,31.8,15.6,0.0,0,11.2,6.256065573770492,2.2449180327868845,-7.896174863387978,0.12098360655737572,0.0,0.0,0.0,1,53.0
2025-08-12,2025-08-13,50.22835068802518,37.39073267922815,1.3433368936343089,0,1,1,1,1.0,0,4.0,16.0,6993.730198989006,5478.07786183713,53.0,0.5777777777777777,0.6666666666666666,2,True,8,2,0,28.0,17.1,16.666666666666664,1,18.6,2.514426229508196,3.745573770491804,8.551912568306008,7.566885245901641,0.0,0.0,20.0,0,0.0
2025-08-13,2025-08-14,37.671263016018884,34.812061459971034,1.0821324976498599,1,0,0,0,1.0,0,3.0,16.0,5245.297649241755,5100.279388606982,0.0,0.45652173913043476,0.6153846153846154,3,True,8,2,1,24.1,16.1,16.666666666666664,1,12.7,-1.3160655737704907,2.7462295081967216,8.374316939890708,1.6940983606557367,0.0,0.0,0.0,1,35.0
2025-08-14,2025-08-15,37.00344726201416,34.825022738593724,1.0625534271656416,2,1,1,0,1.0,0,4.0,17.0,6062.723236931316,5335.777361806501,35.0,0.4782608695652174,0.6428571428571429,4,True,8,2,2,18.8,15.9,100.0,1,15.7,-6.531803278688525,2.5724590163934433,91.5846994535519,4.70983606557377,100.0,100.0,100.0,1,2.0
2025-08-15,2025-08-16,28.252585446510622,32.56122806696657,0.8676756720724832,3,2,1,0,2.0,1,5.0,17.0,5101.292427698487,5120.689267888811,2.0,0.43478260869565216,0.6666666666666666,5,True,8,2,3,22.3,15.2,62.5,1,16.1,-2.9773770491803297,1.8973770491803261,53.7568306010929,5.122622950819672,0.0,100.0,80.0,0,0.0
2025-08-16,2025-08-17,21.189439084882967,30.315626131313703,0.6989609580583892,4,0,0,0,1.0,0,4.0,17.0,3825.969320773865,4767.538283896479,0.0,0.2826086956521739,0.625,6,True,8,2,4,22.1,14.5,8.333333333333332,1,9.9,-3.1196721311475386,1.2468852459016393,-0.5874316939890711,-1.0770491803278688,0.0,28.57142857142857,0.0,1,14.0
2025-08-17,2025-08-18,19.392079313662226,29.19041053605069,0.6643304755756229,5,1,1,0,1.0,0,4.0,18.0,3492.2269905803987,4610.535643627756,14.0,0.34782608695652173,0.6470588235294118,0,True,8,2,5,22.1,13.8,0.0,0,10.0,-3.0439344262295087,0.5868852459016409,-8.989071038251366,-0.9685245901639341,0.0,0.0,0.0,0,0.0
2025-08-18,2025-08-19,14.54405948524667,27.177278774943744,0.5351551053248074,6,0,0,0,1.0,0,4.0,17.0,2619.170242935299,4292.567668205153,0.0,0.2608695652173913,0.6111111111111112,1,True,8,2,6,23.1,13.4,0.0,0,11.3,-1.909180327868853,0.21639344262295168,-9.426229508196721,0.29770491803278887,0.0,0.0,0.0,1,40.0
2025-08-19,2025-08-20,20.908044613935004,28.06160437667176,0.7450765940993855,7,1,1,0,1.0,0,4.0,17.0,4160.627682201474,4602.39058763928,40.0,0.5652173913043478,0.631578947368421,2,True,8,2,7,22.1,13.4,0.0,0,10.9,-2.7868852459016367,0.26393442622950936,-10.040983606557377,-0.11606557377049143,0.0,0.0,0.0,0,0.0
2025-08-20,2025-08-21,15.681033460451253,26.126321316211637,0.6002005896911716,8,0,0,0,1.0,0,4.0,16.0,3120.470761651106,4284.984340215881,0.0,0.46808510638297873,0.6,3,True,8,2,8,23.6,9.8,0.0,0,10.5,-1.1662295081967216,-3.280327868852458,-10.655737704918034,-0.5059016393442626,0.0,0.0,0.0,0,0.0
2025-08-21,2025-08-22,11.76077509533844,24.324506053024628,0.48349491947344386,9,0,0,0,0.0,0,3.0,15.0,2340.3530712383294,3989.4681788216826,0.0,0.48936170212765956,0.5714285714285714,4,True,8,2,9,29.6,11.3,0.0,0,10.5,4.9134426229508215,-1.6937704918032779,-11.038251366120218,-0.45803278688524607,0.0,0.0,0.0,1,53.0
2025-08-22,2025-08-23,22.07058132150383,26.302126325229825,0.8391177598570438,0,1,1,1,1.0,0,3.0,15.0,4012.264803428747,4336.953132006394,53.0,0.425531914893617,0.5909090909090909,5,True,8,2,0,30.7,12.8,0.0,0,11.4,6.063278688524587,-0.13147540983606376,-10.94262295081967,0.4895081967213102,0.0,0.0,0.0,1,3.0
2025-08-23,2025-08-24,17.302935991127875,24.69508313038639,0.7006632008392493,1,2,1,0,2.0,1,4.0,16.0,3483.6986025715605,4168.749467730091,3.0,0.2978723404255319,0.6086956521739131,6,True,8,2,1,30.6,15.3,0.0,0,7.9,6.0422950819672145,2.397049180327871,-11.03825136612022,-2.999672131147541,0.0,0.0,0.0,1,132.0
2025-08-24,2025-08-25,45.97720199334591,32.0954222248425,1.4325158794065849,0,3,1,1,2.0,1,4.0,17.0,4905.523951928671,4513.73226305905,132.0,0.3404255319148936,0.625,0,True,8,2,2,30.2,15.7,0.0,0,9.4,5.70918032786885,2.8209836065573786,-11.17486338797814,-1.505573770491802,0.0,0.0,0.0,0,0.0
2025-08-25,2025-08-26,34.48290149500943,29.881944830025777,1.1539711250775266,1,0,0,0,1.0,0,4.0,16.0,3679.142963946503,4202.440382848081,0.0,0.2765957446808511,0.6,1,True,8,2,3,29.2,16.0,0.0,0,8.7,4.805555555555554,3.155555555555557,-11.696623093681916,-2.248692810457518,0.0,0.0,0.0,1,33.0
2025-08-26,2025-08-27,34.11217612125707,30.096983117610204,1.133408487752964,2,1,1,0,1.0,0,4.0,17.0,4996.107222959878,4529.651390927524,33.0,0.5531914893617021,0.6153846153846154,2,True,8,2,4,26.4,16.2,4.166666666666666,1,10.0,2.1671009771986967,3.399022801302932,-8.333333333333334,-1.0583061889250818,0.0,0.0,20.0,1,67.0
2025-08-27,2025-08-28,42.3341320909428,32.64201876467157,1.2969213821040075,0,2,1,1,2.0,1,5.0,18.0,5758.080417219908,4772.020260518729,67.0,0.4583333333333333,0.6296296296296297,3,True,8,2,5,27.4,17.9,16.666666666666664,1,8.8,3.359283387622149,5.157654723127036,3.1487513572204104,-2.305863192182409,25.0,0.0,0.0,0,0.0
2025-08-28,2025-08-29,31.7505990682071,30.390845056763183,1.044742224472673,1,0,0,0,1.0,0,5.0,17.0,4318.560312914931,4442.915414965712,0.0,0.5,0.6071428571428571,4,True,8,2,6,25.0,16.1,4.166666666666666,1,6.7,1.1566775244299663,3.4342019543973965,-10.057003257328988,-4.427035830618892,0.0,0.0,0.0,1,39.0
2025-08-29,2025-08-30,33.56294930115533,30.984579880434687,1.083214599993617,2,1,1,0,1.0,0,5.0,18.0,5414.4202346861985,4736.645386347387,39.0,0.4375,0.6206896551724138,5,True,8,2,7,23.4,13.6,0.0,0,7.6,-0.2703583061889283,1.0368078175895779,-14.223669923995658,-3.5429967426710096,0.0,0.0,0.0,1,4.0
2025-08-30,2025-08-31,26.172211975866496,29.12357437143919,0.8986607084030515,3,2,1,0,2.0,1,5.0,19.0,4787.065176014648,4610.325014875153,4.0,0.3125,0.6333333333333333,6,True,8,2,8,24.0,12.9,8.333333333333332,1,9.4,0.48664495114006456,0.456026058631922,-5.971769815418023,-1.7081433224755695,0.0,28.57142857142857,0.0,0,0.0
2025-08-31,2025-09-01,19.62915898189987,27.115052000995107,0.7239211262135692,4,0,0,0,1.0,0,4.0,18.0,3590.2988820109863,4292.371565573419,0.0,0.3333333333333333,0.6,0,True,9,3,9,23.5,13.6,0.0,0,8.0,0.12149837133550534,1.3048859934853425,-14.305103148751355,-3.0811074918566774,0.0,0.0,0.0,1,74.0
2025-09-01,2025-09-02,33.2218692364249,30.348496690581648,1.0946792381559702,0,1,1,1,1.0,0,5.0,19.0,4497.97416150824,4494.345940361458,74.0,0.2916666666666667,0.6666666666666666,1,True,9,3,10,24.8,13.8,0.0,0,9.4,1.5482084690553712,1.5957654723127046,-14.467969598262757,-1.6661237785016283,0.0,0.0,0.0,1,18.0
2025-09-02,2025-09-03,29.416401927318674,29.496876229162226,0.9972717686707452,1,2,1,0,2.0,1,5.0,19.0,3882.98062113118,4324.942772060667,18.0,0.5625,0.7142857142857143,2,True,9,3,11,26.0,13.8,0.0,0,8.3,2.8977198697068403,1.6540716612377846,-14.82084690553746,-2.7560260586319227,0.0,0.0,0.0,1,34.0
2025-09-03,2025-09-04,30.562301445489005,29.807436489220002,1.0253247191029662,2,3,1,0,2.0,1,5.0,19.0,5227.4854658483855,4665.360511918552,34.0,0.4489795918367347,0.75,3,True,9,3,0,26.1,15.4,0.0,0,7.3,3.123452768729642,3.3228013029315964,-14.929424538545062,-3.713680781758959,0.0,0.0,0.0,1,30.0
2025-09-04,2025-09-05,30.421726084116756,29.82071673134276,1.020154088118959,3,4,1,0,2.0,1,6.0,19.0,6233.114099386289,4981.542545579341,30.0,0.5102040816326531,0.7777777777777778,4,True,9,3,0,25.8,14.9,0.0,0,7.8,2.986319218241043,2.892508143322475,-15.282301845819761,-3.2058631921824103,0.0,0.0,0.0,0,0.0
2025-09-05,2025-09-06,22.816294563087567,27.76411557745705,0.8217907932069392,4,0,0,0,1.0,0,5.0,18.0,4674.835574539717,4637.9878872635245,0.0,0.4489795918367347,0.7,5,True,9,3,1,23.4,15.3,12.5,1,10.0,0.7153094462540679,3.391205211726385,-2.8230184581976125,-0.9697068403908791,25.0,28.57142857142857,0.0,1,6.0
2025-09-06,2025-09-07,18.612220922315675,26.263142089356567,0.7086821850557815,5,1,1,0,1.0,0,5.0,19.0,4327.6266809047875,4544.747343314316,6.0,0.30612244897959184,0.7272727272727273,6,True,9,3,2,21.0,15.7,0.0,0,9.0,-1.6283387622149839,3.8739413680781745,-15.133007600434313,-1.9452768729641683,0.0,0.0,0.0,0,0.0
2025-09-07,2025-09-08,13.959165691736757,24.45189091078025,0.5708828712949352,6,0,0,0,1.0,0,5.0,19.0,3245.7200106785904,4231.31649205126,0.0,0.3469387755102041,0.6666666666666666,0,True,9,3,3,22.5,13.9,4.166666666666666,1,8.2,-0.006514657980456917,2.159609120521173,-11.047774158523346,-2.732573289902282,0.0,14.285714285714285,0.0,0,0.0
2025-09-08,2025-09-09,10.469374268802568,22.765553606588508,0.4598778685431423,7,0,0,0,0.0,0,4.0,18.0,2434.290008008943,3939.501561564966,0.0,0.30612244897959184,0.6153846153846154,1,True,9,3,4,,,,0,,,,,,,,,1,19.0
2025-09-09,2025-09-10,12.602030701601926,22.50586025440999,0.5599444126617011,8,1,1,0,1.0,0,4.0,18.0,2220.2175060067075,3776.639384905313,19.0,0.5714285714285714,0.6428571428571429,2,True,9,3,5,22.5,12.4,0.0,0,7.9,0.28794788273615524,0.8566775244299691,-15.716612377850163,-3.101954397394138,0.0,0.0,0.0,0,0.0
2025-09-10,2025-09-11,9.451523026201444,20.9537319610024,0.451066332421926,9,0,0,0,1.0,0,3.0,18.0,1665.1631295050306,3516.1814962911535,0.0,0.46,0.6,3,True,9,3,6,20.5,12.8,0.0,0,9.5,-1.5211726384364823,1.3736156351791546,-16.395222584147664,-1.5280130293159626,0.0,0.0,0.0,0,0.0
2025-09-11,2025-09-12,7.088642269651084,19.508646998174648,0.36335899000655153,10,0,0,0,0.0,0,2.0,17.0,1248.872347128773,3273.686220684867,0.0,0.5,0.5625,4,True,9,3,7,20.3,14.3,12.5,1,9.1,-1.5394136807817596,3.0146579804560254,-4.275244299674267,-1.9442996742671017,0.0,42.857142857142854,0.0,0,0.0
2025-09-12,2025-09-13,5.316481702238313,18.16322306726605,0.29270585306083324,11,0,0,0,0.0,0,2.0,17.0,936.6542603465798,3047.9147571893586,0.0,0.46,0.5294117647058824,5,True,9,3,8,23.5,11.2,0.0,0,10.5,1.8143322475570045,0.03615635179152932,-17.073832790445167,-0.6117263843648217,0.0,0.0,0.0,0,0.0
2025-09-13,2025-09-14,3.987361276678735,16.910586993661493,0.23579082607678237,12,0,0,0,0.0,0,1.0,16.0,702.4906952599349,2837.7137394521615,0.0,0.3,0.5,6,True,9,3,9,,,,0,,,,,,,,,0,0.0
2025-09-14,2025-09-15,2.9905209575090512,15.744339614788286,0.1899426098951858,13,0,0,0,0.0,0,1.0,15.0,1427.1180214449512,2890.3541712140814,0.0,0.34,0.47368421052631576,0,True,9,3,10,,,,0,,,,,,,,,1,5.0
2025-09-15,2025-09-16,3.4928907181317883,15.00335067583737,0.2328073770719115,14,1,1,0,1.0,0,2.0,16.0,1756.8385160837133,2880.3987111303513,5.0,0.32,0.5,1,False,9,3,11,,,,0,,,,,,,,,1,133.0
2025-09-16,2025-09-17,35.86966803859884,23.141050629227895,1.5500449229083095,0,2,1,1,2.0,1,2.0,16.0,2491.128887062785,3005.4746620868787,133.0,0.56,0.5238095238095238,2,False,9,3,12,24.1,13.3,0.0,0,15.4,3.094462540716613,2.506514657980457,-18.702497285559172,4.066449511400652,0.0,0.0,0.0,0,0.0
2025-09-17,2025-09-18,26.90225102894913,21.545116103074246,1.2486472990094717,1,0,0,0,1.0,0,2.0,16.0,1868.3466652970887,2798.2005474601974,0.0,0.45098039215686275,0.5,3,False,9,3,13,20.9,12.2,0.0,0,13.5,0.09999999999999787,1.5123778501628653,-19.068946796959825,2.1560260586319213,0.0,0.0,0.0,0,0.0
2025-09-18,2025-09-19,20.176688271711846,20.05924602700016,1.0058547686465187,2,0,0,0,0.0,0,2.0,15.0,1401.2599989728164,2605.221199359494,0.0,0.49019607843137253,0.4782608695652174,4,False,9,3,14,,,,0,,,,,,,,,1,17.0
2025-09-19,2025-09-20,19.382516203783887,19.84826354237946,0.9765346052766217,3,1,1,0,1.0,0,3.0,16.0,1516.1949992296122,2553.895599403667,17.0,0.45098039215686275,0.5,5,False,9,3,15,,,,0,,,,,,,,,1,13.0
2025-09-20,2025-09-21,17.786887152837913,19.37596950497398,0.917986950189608,4,2,1,0,2.0,1,4.0,17.0,1757.6462494222092,2548.937282203414,13.0,0.29411764705882354,0.52,6,False,9,3,16,18.2,13.1,41.66666666666667,1,12.8,-2.1237785016286637,2.7123778501628664,21.30836047774159,1.3407166123778502,100.0,57.14285714285714,0.0,0,0.0
2025-09-21,2025-09-22,13.340165364628435,18.039695746010256,0.7394894876527398,5,0,0,0,1.0,0,4.0,16.0,1318.234687066657,2373.1485041204196,0.0,0.35294117647058826,0.5,0,False,9,3,17,20.5,8.9,0.0,0,7.5,0.33973941368078187,-1.366449511400651,-20.83333333333333,-3.9355048859934865,0.0,0.0,0.0,0,0.0
2025-09-22,2025-09-23,10.005124023471327,16.795578798009547,0.5956998650535961,6,0,0,0,0.0,0,3.0,15.0,988.6760152999927,2209.4830900431493,0.0,0.3333333333333333,0.48148148148148145,1,True,9,3,18,23.1,8.2,0.0,0,10.0,3.107491856677523,-1.9465798045602618,-20.751900108577637,-1.4260586319218245,0.0,0.0,0.0,1,3.0
2025-09-23,2025-09-24,8.253843017603495,15.844159570560613,0.5209391499022532,7,1,1,0,1.0,0,3.0,15.0,1246.0070114749947,2196.2773596953457,3.0,0.5490196078431373,0.5,2,True,9,3,19,21.2,9.4,0.0,0,9.0,1.3986970684039086,-0.6622149837133566,-21.308360477741584,-2.5081433224755703,0.0,0.0,0.0,0,0.0
2025-09-24,2025-09-25,6.190382263202622,14.75145891052195,0.41964542631014845,8,0,0,0,1.0,0,3.0,15.0,934.505258606246,2044.8099555784252,0.0,0.4423076923076923,0.4827586206896552,3,True,9,3,20,17.5,8.4,0.0,0,11.8,-2.0869706840390876,-1.5557003257328983,-21.71552660152009,0.18143322475570045,0.0,0.0,0.0,0,0.0
2025-09-25,2025-09-26,4.6427866974019665,13.73411691669285,0.3380477045276196,9,0,0,0,0.0,0,3.0,14.0,700.8789439546845,1903.7885793316373,0.0,0.5,0.4666666666666667,4,True,9,3,21,19.7,9.7,0.0,0,9.1,0.32182410423452623,-0.10358306188925148,-22.01411509229099,-2.5501628664495133,0.0,0.0,0.0,0,0.0
2025-09-26,2025-09-27,3.482090023051475,12.786936439679549,0.2723162064250269,10,0,0,0,0.0,0,2.0,13.0,525.6592079660134,1772.4928152398002,0.0,0.46153846153846156,0.45161290322580644,5,True,9,3,22,22.0,12.0,4.166666666666666,1,11.8,2.816612377850163,2.353420195439739,-17.725298588490773,0.0980456026058647,0.0,0.0,0.0,1,28.0
2025-09-27,2025-09-28,9.611567517288606,13.836113236943028,0.6946725104580165,11,1,1,0,1.0,0,2.0,14.0,923.9944059745101,1796.3898624646415,28.0,0.28846153846153844,0.46875,6,True,9,3,23,23.0,10.3,0.0,0,11.9,4.001628664495115,0.7791530944625418,-22.14983713355049,0.19609120521172585,0.0,0.0,0.0,0,0.0
2025-09-28,2025-09-29,7.208675637966454,12.881898530946957,0.5595973000911799,12,0,0,0,1.0,0,2.0,13.0,692.9958044808825,1672.5009064325973,0.0,0.34615384615384615,0.45454545454545453,0,True,9,3,24,16.9,13.0,75.0,1,8.9,-1.914332247557006,3.616938110749187,52.86373507057546,-2.796416938110749,75.0,100.0,100.0,1,78.0
2025-09-29,2025-09-30,24.90650672847484,17.37280208053682,1.4336493683064642,0,1,1,1,1.0,0,3.0,13.0,2570.4968533606616,2122.8801542648316,78.0,0.34615384615384615,0.47058823529411764,1,True,9,3,0,20.8,10.3,33.33333333333333,1,16.3,2.1752442996742687,1.0716612377850172,11.210640608034737,4.615635179153093,0.0,0.0,60.0,0,0.0
2025-09-30,2025-10-01,18.679880046356132,16.174677799120488,1.1548842133579853,1,0,0,0,1.0,0,2.0,13.0,1927.8726400204962,1976.4746263844984,0.0,0.5384615384615384,0.25806451612903225,2,True,10,3,1,18.8,10.6,58.333333333333336,1,14.7,0.3547231270358324,1.5293159609120526,36.074918566775246,2.958306188925082,75.0,28.57142857142857,80.0,1,71.0
2025-10-01,2025-10-02,31.7599100347671,19.95573450262942,1.5915179684607617,0,1,1,1,1.0,0,3.0,13.0,2789.1544800153724,2210.7177555993603,71.0,0.4339622641509434,0.28125,3,True,10,3,2,19.7,9.9,12.5,1,9.1,1.4605863192182404,0.9833876221498379,-10.04343105320304,-2.660912052117265,25.0,28.57142857142857,0.0,1,41.0
2025-10-02,2025-10-03,34.06993252607532,21.40706315762049,1.5915276315680462,0,2,1,1,2.0,1,4.0,13.0,4325.86586001153,2674.5303241787146,41.0,0.49056603773584906,0.30303030303030304,4,True,10,3,0,16.9,7.4,0.0,0,7.1,-1.1035830618892533,-1.3732899022801295,-23.05917480998914,-4.702931596091206,0.0,0.0,0.0,1,36.0
2025-10-03,2025-10-04,34.55244939455649,22.413472595025976,1.541592863313131,1,3,1,0,2.0,1,5.0,13.0,5543.149395008647,3124.217888028458,36.0,0.4716981132075472,0.3235294117647059,5,True,10,3,1,16.4,10.0,41.66666666666667,1,11.6,-1.4491856677524453,1.3602605863192174,18.47176981541803,-0.19739413680781936,100.0,57.14285714285714,20.0,1,106.0
2025-10-04,2025-10-05,52.414337045917364,28.178060691920734,1.8601115818075338,0,4,1,1,2.0,1,5.0,13.0,5477.612046256485,3272.96148195753,106.0,0.2830188679245283,0.34285714285714286,6,True,10,3,2,16.6,8.6,0.0,0,10.6,-1.0680781758957636,0.05602605863192167,-24.090662323561347,-1.3153094462540729,0.0,0.0,0.0,1,9.0
2025-10-05,2025-10-06,41.56075278443802,26.855435816615856,1.5475732015014916,1,5,1,0,2.0,1,6.0,14.0,4800.959034692363,3238.3434487190793,9.0,0.3584905660377358,0.3611111111111111,0,True,10,3,3,20.1,5.6,0.0,0,9.4,2.6198697068403938,-2.823127035830618,-24.728555917481,-2.591530944625408,0.0,0.0,0.0,0,0.0
2025-10-06,2025-10-07,31.170564588328517,25.003336794780278,1.2466561900984239,2,0,0,0,1.0,0,5.0,13.0,5787.719276019272,3618.3197626005217,0.0,0.33962264150943394,0.35135135135135137,1,True,10,3,0,21.7,6.9,0.0,0,12.7,4.458306188925082,-1.3964169381107485,-25.66503800217155,0.5794788273615623,0.0,0.0,0.0,1,58.0
2025-10-07,2025-10-08,37.87792344124639,27.278968739967844,1.388539420324547,0,1,1,1,1.0,0,6.0,14.0,7222.0394570144545,4163.608054834968,58.0,0.5471698113207547,0.3684210526315789,2,True,10,3,1,15.5,8.1,4.166666666666666,1,15.0,-1.4889250814332264,-0.05667752442996665,-22.23127035830619,2.825407166123778,0.0,0.0,20.0,1,160.0
2025-10-08,2025-10-09,68.40844258093479,36.43214330962523,1.8776947049080568,0,2,1,1,2.0,1,6.0,15.0,7757.02959276084,4522.117844156694,160.0,0.4444444444444444,0.38461538461538464,3,True,10,3,2,15.5,8.4,25.0,1,9.9,-1.2472312703583057,0.42377850162866526,-1.411509229098808,-2.3055374592833893,25.0,42.857142857142854,0.0,1,39.0
2025-10-09,2025-10-10,61.056331935701095,36.60923687447866,1.6677848856845525,1,3,1,0,2.0,1,6.0,15.0,8220.27219457063,4873.006268697612,39.0,0.5,0.4,4,True,10,3,0,16.2,8.8,25.0,1,11.3,-0.2781758957654752,0.9758957654723135,-1.8322475570032566,-0.9114006514657955,25.0,57.14285714285714,20.0,1,34.0
2025-10-10,2025-10-11,54.29224895177582,36.42928950382496,1.4903460839134757,2,4,1,0,2.0,1,6.0,16.0,8434.704145927974,5163.005836373639,34.0,0.48148148148148145,0.4146341463414634,5,True,10,3,1,12.5,9.6,45.83333333333333,1,16.6,-3.696416938110751,1.9273615635179153,18.716069489685122,4.355700325732901,0.0,71.42857142857143,60.0,0,0.0
2025-10-11,2025-10-12,40.71918671383186,33.91692471045772,1.2005565675969665,3,0,0,0,1.0,0,5.0,16.0,6326.028109445981,4806.936468347871,0.0,0.2962962962962963,0.40476190476190477,6,True,10,3,2,12.3,5.7,66.66666666666666,1,19.0,-3.66514657980456,-1.8221498371335505,38.992942453854496,6.656351791530945,100.0,85.71428571428571,80.0,0,0.0
2025-10-12,2025-10-13,30.539390035373895,31.577826454564086,0.9671150127864453,4,0,0,0,0.0,0,4.0,16.0,4744.521082084486,4475.4236084618105,0.0,0.35185185185185186,0.3953488372093023,0,True,10,3,3,13.8,3.7,12.5,1,15.2,-1.9912052117263848,-3.671661237785016,-15.363735070575459,2.82671009771987,25.0,0.0,0.0,0,0.0
2025-10-13,2025-10-14,22.90454252653042,29.400045319766562,0.7790648714113031,5,0,0,0,0.0,0,4.0,16.0,3558.3908115633644,4166.773704429961,0.0,0.35185185185185186,0.38636363636363635,1,False,10,3,4,13.9,0.4,0.0,0,10.9,-1.6944625407166125,-6.823127035830619,-28.148751357220412,-1.5123778501628653,0.0,0.0,0.0,1,51.0
2025-10-14,2025-10-15,29.928406894897815,30.88969736667921,0.9688798999753768,0,1,1,1,1.0,0,4.0,17.0,4974.543108672524,4515.478966193412,51.0,0.5555555555555556,0.4,2,False,10,3,0,13.7,0.1,0.0,0,6.1,-1.7250814332247568,-7.010749185667753,-28.56948968512486,-6.422149837133549,0.0,0.0,0.0,1,39.0
2025-10-15,2025-10-16,32.196305171173364,31.4490285827703,1.0237615157630804,1,2,1,0,2.0,1,4.0,17.0,6111.907331504393,4860.8942099042115,39.0,0.45454545454545453,0.41304347826086957,3,False,10,3,0,13.5,2.0,0.0,0,10.1,-1.7514657980456043,-4.963517915309446,-28.664495114006513,-2.522475570032574,0.0,0.0,0.0,0,0.0
2025-10-16,2025-10-17,24.147228878380023,29.280130059820625,0.8246967765869259,2,0,0,0,1.0,0,3.0,16.0,4583.930498628295,4525.6601264625415,0.0,0.509090909090909,0.40425531914893614,4,False,10,3,1,14.9,6.3,16.666666666666664,1,13.3,-0.15765472312703466,-0.5192182410423456,-12.106406080347448,0.6563517915309465,25.0,42.857142857142854,0.0,0,0.0
2025-10-17,2025-10-18,18.110421658785018,27.260810745350238,0.664339070028357,3,0,0,0,0.0,0,2.0,16.0,3437.9478739712213,4213.545634982366,0.0,0.4727272727272727,0.3958333333333333,5,False,10,3,2,10.8,5.3,33.33333333333333,1,9.4,-4.105863192182412,-1.3771986970684047,4.315960912052116,-3.27328990228013,0.0,0.0,100.0,1,90.0
2025-10-18,2025-10-19,36.08281624408876,31.587651383601944,1.1423076633934357,0,1,1,1,1.0,0,3.0,17.0,4915.710905478416,4567.714901535306,90.0,0.2909090909090909,0.40816326530612246,6,False,10,3,3,14.8,8.6,62.5,1,30.3,0.028013029315960836,2.03257328990228,33.428338762214985,17.592182410423455,100.0,42.857142857142854,60.0,0,0.0
2025-10-19,2025-10-20,27.06211218306657,29.409192667491464,0.9201922844002677,1,0,0,0,1.0,0,3.0,16.0,3686.783179108812,4252.700080739768,0.0,0.34545454545454546,0.4,0,False,10,3,4,13.9,7.5,0.0,0,13.0,-0.6866449511400639,1.0426710097719862,-29.329533116178073,0.22638436482084678,0.0,0.0,0.0,0,0.0
2025-10-20,2025-10-21,20.296584137299927,27.380972483526534,0.7412660068779934,2,0,0,0,0.0,0,3.0,15.0,2765.087384331609,3959.4104199990943,0.0,0.36363636363636365,0.39215686274509803,1,True,10,3,5,14.9,3.9,0.0,0,7.6,0.495439739413678,-2.4133550488599353,-28.976655808903363,-5.173941368078175,0.0,0.0,0.0,1,2.0
2025-10-21,2025-10-22,15.722438102974944,25.63056058811091,0.6134254476770209,3,1,1,0,1.0,0,3.0,16.0,2473.5655382487066,3796.6234944819153,2.0,0.5636363636363636,0.40384615384615385,2,True,10,3,6,16.3,4.1,4.166666666666666,1,15.2,2.079153094462537,-2.0947882736156362,-24.592833876221498,2.426384364820848,0.0,14.285714285714285,0.0,1,41.0
2025-10-22,2025-10-23,22.041828577231207,26.69052192686188,0.8258298072113707,0,2,1,1,2.0,1,3.0,17.0,4144.67415368653,4166.373598310749,41.0,0.44642857142857145,0.41509433962264153,3,True,10,3,0,16.5,9.5,12.5,1,10.5,2.4758957654723144,3.435830618892508,-16.571661237785015,-2.3013029315960907,75.0,0.0,0.0,0,0.0
2025-10-23,2025-10-24,16.531371432923407,24.849796276733475,0.665251789142493,1,0,0,0,1.0,0,3.0,16.0,3108.5056152648976,3879.0374880824215,0.0,0.5,0.4074074074074074,4,True,10,3,1,13.5,7.1,58.333333333333336,1,18.3,-0.3387622149837135,1.191205211726384,29.153094462540718,5.478827361563521,0.0,100.0,100.0,0,0.0
2025-10-24,2025-10-25,12.398528574692556,23.13601722316565,0.5358972745870083,2,0,0,0,0.0,0,3.0,16.0,2331.3792114486732,3611.5176613181166,0.0,0.48214285714285715,0.4,5,True,10,3,2,13.1,5.6,50.0,1,33.1,-0.544625407166123,-0.1488599348534212,20.941910966340938,20.28078175895766,25.0,42.857142857142854,100.0,0,0.0
2025-10-25,2025-10-26,9.298896431019417,21.540429828464568,0.43169502675064564,3,0,0,0,0.0,0,2.0,16.0,1748.534408586505,3362.447477778936,0.0,0.2857142857142857,0.39285714285714285,6,True,10,3,3,8.0,5.0,79.16666666666666,1,29.0,-5.401960784313726,-0.575816993464052,49.700435729847484,16.210130718954247,25.0,100.0,100.0,0,0.0
2025-10-26,2025-10-27,6.974172323264563,20.05488294374287,0.3477543271046868,4,0,0,0,0.0,0,2.0,16.0,1311.4008064398786,3130.5545482769403,0.0,0.3392857142857143,0.38596491228070173,0,True,10,3,4,8.8,3.0,29.166666666666668,1,12.8,-4.394098360655738,-2.421639344262296,-0.2595628415300517,0.07180327868852565,25.0,71.42857142857143,0.0,1,43.0
2025-10-27,2025-10-28,15.980629242448423,21.63730480969164,0.738568383770722,0,1,1,1,1.0,0,3.0,16.0,3209.550604829909,3528.72320011991,43.0,0.375,0.39655172413793105,1,False,10,3,0,12.5,1.4,25.0,1,22.8,-0.5422950819672128,-3.8970491803278695,-4.0300546448087395,10.035409836065575,0.0,0.0,60.0,0,0.0
2025-10-28,2025-10-29,11.985471931836317,20.14507689178187,0.5949578647041928,1,0,0,0,1.0,0,2.0,16.0,2407.162953622432,3285.362979421985,0.0,0.5714285714285714,0.3898305084745763,2,False,10,3,1,13.9,5.2,12.5,1,20.0,0.9970491803278705,0.027540983606557212,-16.21584699453552,7.2554098360655725,0.0,0.0,0.0,0,0.0
2025-10-29,2025-10-30,8.989103948877238,18.755761244072776,0.479271613233933,2,0,0,0,0.0,0,1.0,15.0,1805.3722152168239,3058.786222220469,0.0,0.43859649122807015,0.38333333333333336,3,False,10,3,2,10.3,1.9,0.0,0,8.6,-2.424918032786886,-3.1501639344262293,-28.934426229508198,-4.135737704918034,0.0,0.0,0.0,0,0.0
2025-10-30,2025-10-31,6.741827961657929,17.46226046861948,0.3860799106606683,3,0,0,0,0.0,0,1.0,15.0,1354.029161412618,2847.8354482742297,0.0,0.49122807017543857,0.3770491803278688,4,False,10,3,3,14.1,4.9,37.5,1,11.4,1.5363934426229502,-0.032131147540982674,8.155737704918032,-1.4118032786885237,0.0,14.285714285714285,100.0,0,0.0
2025-10-31,2025-11-01,5.056370971243447,16.257966643197445,0.31100881692109394,4,0,0,0,0.0,0,1.0,14.0,1015.5218710594634,2651.433003565662,0.0,0.47368421052631576,0.26666666666666666,5,False,11,3,4,15.0,8.3,83.33333333333334,1,29.8,2.644262295081967,3.4449180327868865,53.40163934426231,16.84622950819672,100.0,100.0,80.0,0,0.0
2025-11-01,2025-11-02,3.7922782284325853,15.136727564356242,0.25053488029754795,5,0,0,0,0.0,0,1.0,13.0,761.6414032945975,2468.575555043892,0.0,0.2807017543859649,0.25806451612903225,6,False,11,3,5,12.4,5.1,8.333333333333332,1,17.7,0.2367213114754101,0.3619672131147542,-21.7896174863388,4.627540983606556,0.0,28.57142857142857,0.0,1,3.0
2025-11-02,2025-11-03,3.5942086713244388,14.299711870262708,0.2513483281295239,6,1,1,0,1.0,0,2.0,13.0,1108.231052470948,2446.466896075348,3.0,0.3508771929824561,0.28125,0,False,11,3,6,9.2,4.5,37.5,1,9.1,-2.7947540983606576,-0.07081967213114737,7.4043715846994544,-4.005901639344263,0.0,42.857142857142854,100.0,0,0.0
2025-11-03,2025-11-04,2.6956565034933293,13.313524844727349,0.2024750421043387,7,0,0,0,1.0,0,1.0,12.0,831.173289353211,2277.7450411736,0.0,0.3684210526315789,0.2727272727272727,1,True,11,3,7,14.4,4.6,8.333333333333332,1,27.7,2.5918032786885252,0.1757377049180322,-22.34972677595628,14.562622950819673,0.0,0.0,0.0,1,2.0
2025-11-04,2025-11-05,2.521742377619997,12.53328175198753,0.20120367733854694,8,1,1,0,1.0,0,2.0,12.0,1092.8799670149083,2250.1764176443858,2.0,0.5614035087719298,0.29411764705882354,2,True,11,3,8,14.3,10.4,75.0,1,31.3,2.646229508196722,6.109180327868852,44.37158469945355,18.139344262295083,50.0,57.14285714285714,100.0,0,0.0
2025-11-05,2025-11-06,1.891306783214998,11.66891749322977,0.16208074007827392,9,0,0,0,1.0,0,2.0,12.0,819.6599752611812,2094.9918371171866,0.0,0.43103448275862066,0.2857142857142857,3,True,11,3,9,12.6,8.2,79.16666666666666,1,22.4,1.1163934426229503,3.9954098360655728,48.18306010928961,9.187868852459015,50.0,57.14285714285714,100.0,0,0.0
2025-11-06,2025-11-07,1.4184800874112484,10.8641645626622,0.13056504061860955,10,0,0,0,0.0,0,2.0,11.0,614.744981445886,1950.5096414539323,0.0,0.4827586206896552,0.2777777777777778,4,True,11,3,10,12.6,6.4,0.0,0,21.7,1.310491803278687,2.266229508196722,-31.516393442622952,8.455409836065574,0.0,0.0,0.0,1,91.0
2025-11-07,2025-11-08,23.813860065558437,16.390773903168256,1.4528819814270841,0,1,1,1,1.0,0,3.0,11.0,2674.3087360844147,2426.5434592846955,91.0,0.46551724137931033,0.2972972972972973,5,True,11,3,0,16.3,2.4,0.0,0,7.1,5.17704918032787,-1.6409836065573775,-31.93989071038251,-6.19639344262295,0.0,0.0,0.0,1,32.0
2025-11-08,2025-11-09,25.86039504916883,17.467272254673894,1.4805056377505712,1,2,1,0,2.0,1,4.0,11.0,2764.731552063311,2468.574944851268,32.0,0.29310344827586204,0.3157894736842105,6,True,11,3,1,18.5,7.4,0.0,0,11.2,7.544918032786885,3.468524590163935,-32.39071038251366,-2.151475409836067,0.0,0.0,0.0,1,13.0
2025-11-09,2025-11-10,22.645296286876622,17.159184512972246,1.3197186771758824,2,3,1,0,2.0,1,4.0,11.0,2733.7986640474833,2480.4663279649735,13.0,0.3448275862068966,0.3333333333333333,0,True,11,3,2,14.5,9.0,50.0,1,14.3,3.6806557377049174,5.151147540983606,17.295081967213115,0.909180327868853,50.0,71.42857142857143,40.0,0,0.0
2025-11-10,2025-11-11,16.983972215157465,15.97579247759485,1.0631067121694608,3,0,0,0,1.0,0,4.0,11.0,2050.3489980356126,2309.3996846570444,0.0,0.3793103448275862,0.325,1,True,11,3,3,12.2,5.4,0.0,0,7.5,1.5134426229508193,1.611475409836066,-32.56830601092896,-5.935409836065574,0.0,0.0,0.0,1,61.0
2025-11-11,2025-11-12,27.9879791613681,19.080910237760722,1.4668052421304552,0,1,1,1,1.0,0,4.0,12.0,3739.011748526709,2757.372120197938,61.0,0.5517241379310345,0.34146341463414637,2,True,11,3,0,13.8,6.5,41.66666666666667,1,14.0,3.257377049180329,2.783934426229508,8.811475409836078,0.5622950819672123,50.0,57.14285714285714,20.0,1,4.0
2025-11-12,2025-11-13,21.990984371026073,18.04084746274274,1.2189551747189817,1,2,1,0,2.0,1,5.0,13.0,3470.758811395032,2751.0705946670455,4.0,0.423728813559322,0.35714285714285715,3,True,11,3,1,13.3,9.9,91.66666666666666,1,15.7,2.9259016393442625,6.288196721311476,58.7431693989071,2.280327868852458,75.0,100.0,80.0,0,0.0
2025-11-13,2025-11-14,16.493238278269555,16.79665108600186,0.9819361129680687,2,0,0,0,1.0,0,5.0,12.0,2603.069108546274,2561.3415881382834,0.0,0.4915254237288136,0.3488372093023256,4,True,11,3,2,11.1,8.2,100.0,1,17.6,0.904590163934424,4.685573770491802,66.91256830601094,4.2183606557377065,100.0,100.0,100.0,0,0.0
2025-11-14,2025-11-15,12.369928708702165,15.638261355932764,0.7910040910020554,3,0,0,0,0.0,0,4.0,11.0,1952.3018314097055,2384.697340680471,0.0,0.4745762711864407,0.3409090909090909,5,True,11,3,3,12.9,10.6,41.66666666666667,1,16.6,2.881639344262295,7.198032786885246,8.497267759562845,3.204918032786887,25.0,57.14285714285714,60.0,0,0.0
2025-11-15,2025-11-16,9.277446531526625,14.559760572764986,0.637197739973878,4,0,0,0,0.0,0,3.0,11.0,1464.2263735572792,2220.2354551163003,0.0,0.3050847457627119,0.3333333333333333,6,True,11,3,4,12.4,9.7,41.66666666666667,1,8.7,2.5790163934426236,6.42655737704918,8.45628415300547,-4.673114754098362,25.0,71.42857142857143,80.0,0,0.0
2025-11-16,2025-11-17,6.958084898644969,13.555639153953608,0.5132981794234017,5,0,0,0,0.0,0,2.0,11.0,1098.1697801679593,2067.1157685565554,0.0,0.3389830508474576,0.32608695652173914,0,True,11,3,5,11.6,6.1,79.16666666666666,1,11.5,1.930491803278688,2.965245901639344,46.065573770491795,-1.785573770491803,100.0,100.0,80.0,0,0.0
2025-11-17,2025-11-18,5.218563673983726,12.620767488163704,0.41349020009107357,6,0,0,0,0.0,0,2.0,10.0,823.6273351259695,1924.5560603802412,0.0,0.3898305084745763,0.3191489361702128,1,False,11,3,6,8.9,2.9,8.333333333333332,1,10.6,-0.636065573770491,-0.13540983606557377,-25.204918032786882,-2.8019672131147537,0.0,14.285714285714285,0.0,1,54.0
2025-11-18,2025-11-19,17.413922755487796,15.474507661393792,1.125329680047431,0,1,1,1,1.0,0,2.0,11.0,3238.7205013444773,2514.8625389747076,54.0,0.559322033898305,0.3333333333333333,2,False,11,3,0,12.1,1.0,0.0,0,21.1,2.705901639344262,-1.9534426229508197,-33.756830601092894,7.635409836065573,0.0,0.0,0.0,0,0.0
2025-11-19,2025-11-20,13.060442066615847,14.407300236470082,0.906515575593764,1,0,0,0,1.0,0,1.0,11.0,2429.040376008358,2341.4237431833485,0.0,0.4166666666666667,0.32653061224489793,3,False,11,3,1,12.1,5.2,29.166666666666668,1,16.6,2.84,2.3537704918032785,-4.8224043715847,3.131803278688526,100.0,28.57142857142857,0.0,0,0.0
2025-11-20,2025-11-21,9.795331549961885,13.413693323610076,0.7302486581171986,2,0,0,0,0.0,0,1.0,10.0,1821.7802820062686,2179.9462436534623,0.0,0.48333333333333334,0.32,4,False,11,3,2,10.3,2.8,0.0,0,12.1,1.1695081967213117,0.07114754098360665,-33.9344262295082,-1.3550819672131151,0.0,0.0,0.0,1,50.0
2025-11-21,2025-11-22,19.84649866247141,15.936886887499035,1.245318411467116,0,1,1,1,1.0,0,2.0,10.0,3738.5852115047014,2684.0189165049474,50.0,0.4666666666666667,0.3333333333333333,5,False,11,3,0,10.3,8.5,25.0,1,13.5,1.2593442622950821,5.880983606557377,-8.688524590163937,-0.023278688524591473,0.0,57.14285714285714,40.0,0,0.0
2025-11-22,2025-11-23,14.884873996853559,14.83779124008531,1.0031731647929547,1,0,0,0,1.0,0,2.0,10.0,2803.938908628526,2498.914163642537,0.0,0.3,0.3269230769230769,6,False,11,3,1,10.1,6.5,37.5,1,12.5,1.1803278688524586,3.9760655737704917,3.360655737704917,-1.0855737704918038,100.0,57.14285714285714,0.0,0,0.0
2025-11-23,2025-11-24,11.16365549764017,13.814495292493218,0.8081117160832135,2,0,0,0,0.0,0,2.0,10.0,2102.9541814713943,2326.5752558051204,0.0,0.3333333333333333,0.32075471698113206,0,False,11,3,2,8.1,3.9,54.166666666666664,1,14.6,-0.7009836065573776,1.4921311475409835,20.232240437158467,1.042295081967211,25.0,42.857142857142854,60.0,1,37.0
2025-11-24,2025-11-25,17.622741623230127,15.413495617148858,1.1433319255382466,3,1,1,0,1.0,0,3.0,11.0,3915.965636103546,2811.294203680629,37.0,0.4,0.3333333333333333,1,False,11,3,0,5.7,2.9,79.16666666666666,1,9.8,-3.0150819672131144,0.581967213114754,45.327868852459005,-3.7445901639344275,75.0,100.0,100.0,0,0.0
2025-11-25,2025-11-26,13.217056217422595,14.350495919414453,0.9210173844613653,4,0,0,0,1.0,0,2.0,11.0,2936.9742270776596,2617.4118448061026,0.0,0.55,0.32727272727272727,2,False,11,3,1,8.6,5.3,25.0,1,12.4,-0.050491803278687186,3.041967213114754,-8.989071038251367,-1.2291803278688516,0.0,0.0,0.0,0,0.0
2025-11-26,2025-11-27,9.912792163066946,13.360806545661731,0.7419306708160999,5,0,0,0,0.0,0,2.0,10.0,2202.730670308245,2436.9006830953367,0.0,0.4098360655737705,0.32142857142857145,3,False,11,3,2,11.8,6.8,62.5,1,10.8,3.2370491803278707,4.5655737704918025,27.90983606557377,-2.9357377049180347,50.0,14.285714285714285,80.0,1,3.0
2025-11-27,2025-11-28,8.18459412230021,12.646268163202302,0.6471944147219236,6,1,1,0,1.0,0,3.0,11.0,2155.7980027311837,2407.8040842611754,3.0,0.4918032786885246,0.3333333333333333,4,False,11,3,3,10.2,3.9,12.5,1,10.3,1.7216393442622948,1.6983606557377047,-21.980874316939897,-3.487540983606559,0.0,0.0,0.0,0,0.0
2025-11-28,2025-11-29,6.138445591725157,11.774111738153868,0.5213510563037718,7,0,0,0,1.0,0,2.0,11.0,1616.8485020483877,2241.748630174198,0.0,0.45901639344262296,0.3275862068965517,5,False,11,3,4,9.6,0.6,4.166666666666666,1,7.2,1.1944262295081973,-1.577377049180328,-30.21857923497268,-6.661639344262292,0.0,0.0,20.0,0,0.0
2025-11-29,2025-11-30,4.603834193793867,10.96210403207429,0.4199772398002605,8,0,0,0,0.0,0,2.0,11.0,1212.6363765362908,2087.145276369081,0.0,0.29508196721311475,0.3220338983050847,6,False,11,3,5,6.5,-2.3,0.0,0,5.8,-1.8265573770491805,-4.465573770491803,-35.0,-8.131147540983608,0.0,0.0,0.0,0,0.0
2025-11-30,2025-12-01,3.4528756453454004,10.206096857448477,0.33831499872798765,9,0,0,0,0.0,0,2.0,11.0,909.4772824022181,1943.2042228263856,0.0,0.3442622950819672,0.41935483870967744,0,False,12,0,6,6.5,-0.2,16.666666666666664,1,7.5,-1.730163934426228,-2.3245901639344266,-18.770491803278688,-6.451475409836068,0.0,14.285714285714285,60.0,0,0.0
2025-12-01,2025-12-02,2.58965673400905,9.502228108658926,0.27253152675310116,10,0,0,0,0.0,0,1.0,11.0,682.1079618016636,1809.1901384935313,0.0,0.39344262295081966,0.40625,1,False,12,0,7,8.0,2.7,20.833333333333336,1,12.4,-0.16862745098039333,0.6055555555555556,-14.937363834422655,-1.637254901960782,50.0,0.0,0.0,0,0.0
2025-12-02,2025-12-03,1.9422425505067875,8.84690203219969,0.21953928543999815,11,0,0,0,0.0,0,1.0,10.0,511.5809713512477,1684.418404804322,0.0,0.5409836065573771,0.3939393939393939,2,False,12,0,8,5.8,1.4,8.333333333333332,1,5.6,-2.279738562091503,-0.6633986928104578,-27.88671023965141,-8.552287581699348,0.0,28.57142857142857,0.0,1,3.0
2025-12-03,2025-12-04,2.2066819128800907,8.443667409289366,0.2613416429041713,12,1,1,0,1.0,0,2.0,11.0,777.9357285134358,1677.010238955748,3.0,0.41935483870967744,0.4117647058823529,3,False,12,0,9,6.7,4.1,83.33333333333334,1,8.9,-1.3140522875816982,2.0620915032679736,46.70479302832245,-5.337908496732027,100.0,85.71428571428571,100.0,0,0.0
2025-12-04,2025-12-05,1.655011434660068,7.861345518993548,0.2105252123394713,13,0,0,0,1.0,0,1.0,10.0,583.4517963850769,1561.3543604070758,0.0,0.4838709677419355,0.4,4,False,12,0,10,12.1,6.3,41.66666666666667,1,31.8,4.1800653594771235,4.316993464052287,5.147058823529413,17.543790849673204,75.0,71.42857142857143,20.0,1,6.0
2025-12-05,2025-12-06,2.741258575995051,7.732976862511234,0.35448943204323063,14,1,1,0,1.0,0,2.0,11.0,599.3388472888078,1498.2954389996912,6.0,0.45161290322580644,0.4166666666666667,5,False,12,0,11,10.3,7.5,37.5,1,32.3,2.4679738562091513,5.55,0.9395424836601336,17.971241830065356,50.0,28.57142857142857,20.0,0,0.0
2025-12-06,2025-12-07,2.055943931996288,7.199668113372528,0.285560931368158,15,0,0,0,1.0,0,2.0,11.0,449.5041354666058,1394.964719068678,0.0,0.2903225806451613,0.40540540540540543,6,False,12,0,12,11.4,7.1,54.166666666666664,1,23.6,3.6009803921568633,5.18202614379085,17.592592592592588,9.226470588235298,100.0,85.71428571428571,0.0,0,0.0
2025-12-07,2025-12-08,1.5419579489972162,6.7031392779675265,0.23003519471323838,16,0,0,0,0.0,0,2.0,10.0,337.12810159995433,1298.7602556846311,0.0,0.3387096774193548,0.39473684210526316,0,False,12,0,13,12.3,8.2,87.5,1,28.8,4.52843137254902,6.290849673202613,50.8578431372549,14.352614379084969,25.0,100.0,100.0,0,0.0
2025-12-08,2025-12-09,1.1564684617479122,6.24085381052149,0.18530612907455316,17,0,0,0,0.0,0,2.0,9.0,252.84607619996575,1209.1905828787944,0.0,0.3870967741935484,0.38461538461538464,1,False,12,0,14,10.5,7.5,62.5,1,16.7,2.772549019607845,5.593464052287581,25.136165577342048,2.1735294117647044,75.0,14.285714285714285,60.0,1,51.0
2025-12-09,2025-12-10,13.617351346310935,9.327691478761388,1.4598844073388206,0,1,1,1,1.0,0,3.0,9.0,2842.634557149974,1857.6601978526705,51.0,0.5483870967741935,0.4,2,False,12,0,0,13.3,10.2,100.0,1,32.2,5.589869281045751,8.323856209150327,62.540849673202615,17.558823529411768,100.0,100.0,100.0,0,0.0
2025-12-10,2025-12-11,10.213013509733202,8.684402411260603,1.1760179948007166,1,0,0,0,1.0,0,2.0,9.0,2131.975917862481,1729.545701449038,0.0,0.4126984126984127,0.3902439024390244,3,False,12,0,1,13.0,7.1,83.33333333333334,1,24.8,5.316666666666667,5.250653594771242,45.66993464052288,10.101633986928103,100.0,100.0,60.0,0,0.0
2025-12-11,2025-12-12,7.659760132299901,8.085478107035733,0.9473478291450217,2,0,0,0,0.0,0,2.0,8.0,1598.9819383968606,1610.2666875560008,0.0,0.49206349206349204,0.38095238095238093,4,False,12,0,2,12.4,7.1,4.166666666666666,1,12.2,4.764705882352943,5.275490196078431,-33.89161220043574,-2.5062091503268,25.0,0.0,0.0,1,67.0
2025-12-12,2025-12-13,22.494820099224924,12.14854858241258,1.8516467170235145,0,1,1,1,1.0,0,2.0,8.0,3637.7364537976455,2171.9034677245522,67.0,0.4444444444444444,0.3953488372093023,5,False,12,0,0,,,,0,,,,,,,,,1,45.0
2025-12-13,2025-12-14,28.121115074418693,14.41416592155654,1.950935990847952,0,2,1,1,2.0,1,3.0,9.0,3215.052340348234,2156.3928837435487,45.0,0.2857142857142857,0.4090909090909091,6,False,12,0,1,11.1,5.9,33.33333333333333,1,11.8,3.5771241830065357,4.171895424836602,-5.487472766884544,-3.11470588235294,50.0,42.857142857142854,40.0,0,0.0
2025-12-14,2025-12-15,21.09083630581402,13.42008551317333,1.5715873259608504,1,0,0,0,1.0,0,3.0,9.0,2411.2892552611756,2007.6761331405453,0.0,0.3333333333333333,0.4,0,False,12,0,2,14.3,8.2,75.0,1,34.3,6.834967320261438,6.55359477124183,36.42429193899782,19.417647058823526,100.0,85.71428571428571,40.0,0,0.0
2025-12-15,2025-12-16,15.818127229360513,12.494562374333789,1.2660009014684628,2,0,0,0,0.0,0,3.0,9.0,1808.4669414458817,1869.2157101653352,0.0,0.3968253968253968,0.391304347826087,1,True,12,0,3,11.7,6.7,87.5,1,24.2,4.295098039215687,5.101633986928105,48.96514161220044,9.337908496732028,25.0,100.0,100.0,0,0.0
2025-12-16,2025-12-17,11.863595422020385,11.632868417483182,1.0198340595162616,3,0,0,0,0.0,0,2.0,9.0,1356.3502060844112,1740.3042818780707,0.0,0.5396825396825397,0.3829787234042553,2,True,12,0,4,11.5,5.2,33.33333333333333,1,31.5,4.141176470588235,3.6486928104575167,-5.05174291938998,16.629738562091504,50.0,0.0,0.0,1,1.0
2025-12-17,2025-12-18,9.14769656651529,10.899567147311927,0.8392715456385176,4,1,1,0,1.0,0,3.0,10.0,1242.7626545633084,1682.4901934726865,1.0,0.40625,0.3958333333333333,3,True,12,0,5,10.4,4.6,83.33333333333334,1,29.7,3.1114379084967334,3.0705882352941174,44.88017429193901,14.827450980392156,100.0,100.0,100.0,1,48.0
2025-12-18,2025-12-19,18.860772424886466,13.458217688876621,1.4014316650915166,0,2,1,1,2.0,1,4.0,10.0,3338.3219909224813,2230.24949047457,48.0,0.5,0.40816326530612246,4,True,12,0,0,6.6,2.7,37.5,1,21.3,-0.6065359477124179,1.208496732026144,-1.2254901960784323,6.397385620915031,25.0,28.57142857142857,40.0,1,49.0
2025-12-19,2025-12-20,26.39557931866485,15.90937508964375,1.659121063519781,0,3,1,1,2.0,1,4.0,11.0,4895.991493191861,2736.3702152694273,49.0,0.453125,0.42,5,True,12,0,0,6.9,2.6,62.5,1,18.9,-0.31666666666666554,1.1500000000000001,24.414488017429193,4.028104575163397,50.0,42.857142857142854,100.0,1,26.0
2025-12-20,2025-12-21,26.296684488998636,16.605280255875215,1.5836338853536933,1,4,1,0,2.0,1,4.0,12.0,5339.743619893896,3007.723993526708,26.0,0.28125,0.43137254901960786,6,True,12,0,1,8.4,3.7,70.83333333333334,1,14.3,1.1764705882352944,2.2401960784313726,32.679738562091515,-0.6294117647058837,25.0,71.42857142857143,100.0,0,0.0
2025-12-21,2025-12-22,19.722513366748977,15.460088514090717,1.2757050743126974,2,0,0,0,1.0,0,4.0,11.0,4004.807714920422,2800.2947525938316,0.0,0.328125,0.4230769230769231,0,True,12,0,2,10.5,2.0,45.83333333333333,1,18.9,3.3199346405228747,0.5287581699346406,7.066993464052281,3.8898692810457494,0.0,28.57142857142857,80.0,1,38.0
2025-12-22,2025-12-23,24.29188502506173,17.01456516829136,1.4277111865504803,3,1,1,0,1.0,0,5.0,12.0,5121.355786190316,3191.377873104602,38.0,0.390625,0.4339622641509434,1,True,12,0,3,6.7,0.5,25.0,1,10.1,-0.4480392156862747,-0.9673202614379084,-13.997821350762528,-4.930392156862743,25.0,0.0,0.0,0,0.0
2025-12-23,2025-12-24,18.2189137687963,15.841146880822988,1.1501006780545537,4,0,0,0,1.0,0,5.0,12.0,3841.016839642737,2971.2828473732498,0.0,0.546875,0.42592592592592593,2,True,12,0,4,8.4,1.6,41.66666666666667,1,22.4,1.2666666666666666,0.15522875816993476,2.5599128540305145,7.401960784313726,100.0,71.42857142857143,0.0,0,0.0
2025-12-24,2025-12-25,13.664185326597224,14.748653992490368,0.9264699906550572,5,0,0,0,0.0,0,4.0,11.0,2880.762629732053,2766.3667889337153,0.0,0.4153846153846154,0.41818181818181815,3,True,12,0,5,4.9,-0.2,16.666666666666664,1,11.0,-2.203921568627451,-1.637908496732026,-23.03921568627451,-3.997712418300651,0.0,28.57142857142857,40.0,0,0.0
2025-12-25,2025-12-26,10.248138994947919,13.731505441284135,0.7463230480276851,6,0,0,0,0.0,0,3.0,11.0,2160.5719722990398,2575.582872455528,0.0,0.5076923076923077,0.4107142857142857,4,True,12,0,6,6.0,0.9,37.5,1,24.7,-1.1019607843137251,-0.5274509803921569,-1.9063180827886654,9.708496732026141,0.0,57.14285714285714,40.0,0,0.0
2025-12-26,2025-12-27,7.686104246210939,12.78450506602316,0.6012046775778574,7,0,0,0,0.0,0,2.0,11.0,2349.17897922428,2598.990950217216,0.0,0.46153846153846156,0.40350877192982454,5,True,12,0,7,3.0,-2.4,33.33333333333333,1,8.0,-4.106535947712418,-3.8130718954248364,-5.759803921568633,-7.036274509803922,75.0,0.0,0.0,0,0.0
2025-12-27,2025-12-28,5.7645781846582045,11.902815061469838,0.4843037680488297,8,0,0,0,0.0,0,1.0,10.0,1761.8842344182099,2419.7501950298215,0.0,0.27692307692307694,0.39655172413793105,6,True,12,0,8,2.5,-4.0,8.333333333333332,1,6.2,-4.627450980392157,-5.419281045751634,-30.991285403050103,-8.848366013071896,0.0,0.0,20.0,0,0.0
2025-12-28,2025-12-29,4.323433638493653,11.081931264127089,0.3901335909282239,9,0,0,0,0.0,0,1.0,10.0,1321.4131758136573,2252.8708712346615,0.0,0.3384615384615385,0.3898305084745763,0,True,12,0,9,4.2,-1.8,0.0,0,6.0,-2.9568627450980394,-3.231372549019608,-39.66503267973856,-9.081045751633987,0.0,0.0,0.0,1,57.0
2025-12-29,2025-12-30,17.49257522887024,14.248694625221773,1.2276615991128366,0,1,1,1,1.0,0,1.0,11.0,3437.309881860243,2772.328052528823,57.0,0.38461538461538464,0.4,1,False,12,0,0,6.8,-1.8,0.0,0,8.1,-0.4078431372549032,-3.2558823529411764,-39.51525054466231,-7.001307189542484,0.0,0.0,0.0,1,52.0
2025-12-30,2025-12-31,26.11943142165268,16.85223292693062,1.5499092336845564,0,2,1,1,2.0,1,2.0,12.0,5051.232411395182,3263.408876492352,52.0,0.5384615384615384,0.4098360655737705,2,False,12,0,0,5.7,-1.0,0.0,0,7.5,-1.534313725490195,-2.4820261437908497,-39.37908496732026,-7.608496732026143,0.0,0.0,0.0,1,2.0
2025-12-31,2026-01-01,20.089573566239512,15.827941000935402,1.2692474381255436,1,3,1,0,2.0,1,3.0,13.0,4115.674308546386,3128.622057423914,2.0,0.4090909090909091,0.2903225806451613,3,False,1,0,1,4.5,-0.5,29.166666666666668,1,4.3,-2.772222222222223,-2.0052287581699346,-10.607298474945527,-10.80359477124183,0.0,0.0,80.0,1,19.0
2026-01-01,2026-01-02,19.817180174679635,16.046703690526066,1.2349689105544865,2,4,1,0,2.0,1,4.0,14.0,3383.0057314097894,2994.57915691192,19.0,0.5,0.3125,4,False,1,0,2,6.2,2.6,70.83333333333334,1,9.2,-1.0820261437908485,1.0872549019607844,30.487472766884544,-5.870915032679738,100.0,28.57142857142857,80.0,1,5.0
2026-01-02,2026-01-03,16.112885131009726,15.284862056696682,1.054172754143389,3,5,1,0,2.0,1,5.0,14.0,3358.504298557342,3014.608180573167,5.0,0.45454545454545453,0.3333333333333333,5,False,1,0,3,12.3,5.0,58.333333333333336,1,15.6,5.026470588235296,3.485294117647059,17.783224400871468,0.5281045751633986,100.0,42.857142857142854,80.0,0,0.0
2026-01-03,2026-01-04,12.084663848257295,14.230733638993462,0.8491947186155079,4,0,0,0,1.0,0,5.0,14.0,2518.8782239180064,2806.704168119845,0.0,0.2727272727272727,0.3235294117647059,6,False,1,0,4,8.9,3.2,79.16666666666666,1,17.2,1.6153594771241835,1.6764705882352944,38.86165577342047,2.122875816993462,100.0,71.42857142857143,100.0,0,0.0
2026-01-04,2026-01-05,9.063497886192971,13.249303732855982,0.6840735233291592,5,0,0,0,0.0,0,5.0,13.0,1889.1586679385048,2613.138363421924,0.0,0.3484848484848485,0.3142857142857143,0,False,1,0,5,5.9,1.3,54.166666666666664,1,13.2,-1.3751633986928091,-0.2316993464052286,13.466775599128539,-1.965359477124185,75.0,85.71428571428571,0.0,1,58.0
2026-01-05,2026-01-06,21.29762341464473,16.33555864783143,1.3037584984871038,0,1,1,1,1.0,0,5.0,14.0,3890.3690009538786,3115.266752151447,58.0,0.3939393939393939,0.3333333333333333,1,False,1,0,0,5.8,2.7,70.83333333333334,1,25.1,-1.4624183006535958,1.1673202614379086,29.87472766884533,9.86372549019608,100.0,100.0,100.0,1,10.0
2026-01-06,2026-01-07,18.473217560983546,15.898623568670642,1.1619381691246733,1,2,1,0,2.0,1,5.0,15.0,4198.526750715409,3253.7311140720362,10.0,0.5454545454545454,0.35135135135135137,2,False,1,0,1,4.9,2.1,33.33333333333333,1,18.5,-2.3666666666666663,0.580718954248366,-7.598039215686271,3.231699346405227,0.0,71.42857142857143,20.0,0,0.0
2026-01-07,2026-01-08,13.85491317073766,14.802166770831287,0.9360057473504314,2,0,0,0,1.0,0,4.0,15.0,3148.895063036557,3029.335864825689,0.0,0.417910447761194,0.34210526315789475,3,False,1,0,2,5.2,0.7,29.166666666666668,1,16.9,-2.0764705882352947,-0.8235294117647058,-11.91448801742919,1.5473856209150316,50.0,28.57142857142857,20.0,0,0.0
2026-01-08,2026-01-09,10.391184878053245,13.78132768318775,0.7540046298100698,3,0,0,0,0.0,0,3.0,14.0,2361.6712972774176,2820.416150010124,0.0,0.5074626865671642,0.3333333333333333,4,False,1,0,3,10.9,3.3,20.833333333333336,1,12.1,3.6114379084967316,1.7725490196078426,-19.921023965141607,-3.2392156862745107,25.0,28.57142857142857,0.0,1,5.0
2026-01-09,2026-01-10,9.043388658539934,13.175718877450663,0.686367760473174,4,1,1,0,1.0,0,3.0,15.0,2818.003472958063,2914.6633120783913,5.0,0.44776119402985076,0.35,5,False,1,0,4,10.2,1.7,25.0,1,9.7,2.8924836601307184,0.20620915032679732,-14.978213507625277,-5.52875816993464,0.0,0.0,60.0,1,7.0
2026-01-10,2026-01-11,8.53254149390495,12.749807230729926,0.6692290588785994,5,2,1,0,2.0,1,4.0,16.0,3017.2526047185474,2962.962394004019,7.0,0.26865671641791045,0.36585365853658536,6,False,1,0,5,8.3,5.1,75.0,1,13.9,0.973202614379086,3.6460784313725485,35.44389978213508,-1.218300653594767,75.0,28.57142857142857,100.0,0,0.0
2026-01-11,2026-01-12,6.399406120428713,11.870510180334758,0.5391011863188718,6,0,0,0,1.0,0,4.0,15.0,2262.9394535389106,2758.6201599347764,0.0,0.3582089552238806,0.35714285714285715,0,False,1,0,6,10.7,7.2,54.166666666666664,1,13.4,3.3650326797385617,5.7519607843137255,14.89651416122004,-1.6928104575163392,75.0,57.14285714285714,40.0,0,0.0
2026-01-12,2026-01-13,4.799554590321534,11.051854305828913,0.4342759556457578,7,0,0,0,0.0,0,3.0,14.0,1697.2045901541828,2568.370493732378,0.0,0.40298507462686567,0.3488372093023256,1,True,1,0,7,14.1,9.8,4.166666666666666,1,13.8,6.747712418300653,8.357189542483662,-35.11710239651416,-1.2836601307189515,25.0,0.0,0.0,0,0.0
2026-01-13,2026-01-14,3.599665942741151,10.289657457151057,0.34983340871463825,8,0,0,0,0.0,0,2.0,14.0,1272.9034426156372,2391.2414941646275,0.0,0.5373134328358209,0.3409090909090909,2,True,1,0,8,9.8,4.4,0.0,0,8.7,2.4281045751634007,2.98921568627451,-39.29738562091503,-6.462091503267976,0.0,0.0,0.0,0,0.0
2026-01-14,2026-01-15,2.699749457055863,9.580025908382018,0.28181024590901416,9,0,0,0,0.0,0,2.0,14.0,954.6775819617279,2226.3282876705152,0.0,0.4117647058823529,0.3333333333333333,3,True,1,0,9,9.7,5.4,0.0,0,12.8,2.3356209150326794,4.00686274509804,-39.651416122004356,-2.421895424836599,0.0,0.0,0.0,0,0.0
2026-01-15,2026-01-16,2.0248120927918976,8.919334466424637,0.22701380920448366,10,0,0,0,0.0,0,2.0,14.0,716.008186471296,2072.7884057622036,0.0,0.5147058823529411,0.32608695652173914,4,True,1,0,10,9.3,1.1,0.0,0,8.5,1.9398692810457518,-0.2879084967320258,-39.99183006535948,-6.721568627450981,0.0,0.0,0.0,1,6.0
2026-01-16,2026-01-17,3.018609069593923,8.718001054947075,0.34625013814158667,11,1,1,0,1.0,0,2.0,14.0,1242.256139853472,2124.38920536481,6.0,0.45588235294117646,0.3404255319148936,5,True,1,0,11,8.6,-0.8,0.0,0,5.6,1.2186274509803905,-2.174183006535948,-40.18246187363834,-9.625490196078431,0.0,0.0,0.0,1,23.0
2026-01-17,2026-01-18,8.013956802195443,9.702966499433483,0.8259285242985581,12,2,1,0,2.0,1,2.0,14.0,1802.192104890104,2218.017536029306,23.0,0.2647058823529412,0.3541666666666667,6,True,1,0,12,8.4,-0.4,0.0,0,7.4,1.0094771241830065,-1.7490196078431373,-39.81481481481481,-7.68954248366013,0.0,0.0,0.0,0,0.0
2026-01-18,2026-01-19,6.010467601646582,9.033796396024277,0.6653313112405052,13,0,0,0,1.0,0,2.0,13.0,1351.644078667578,2065.0508094065954,0.0,0.35294117647058826,0.3469387755102041,0,True,1,0,13,9.4,-1.3,0.0,0,6.5,2.007189542483661,-2.6281045751633987,-39.46078431372549,-8.534967320261437,0.0,0.0,0.0,0,0.0
2026-01-19,2026-01-20,4.507850701234936,8.410775954919155,0.5359613340548514,14,0,0,0,0.0,0,2.0,12.0,1013.7330590006835,1922.6335122061405,0.0,0.39705882352941174,0.34,1,True,1,0,14,7.1,-2.1,0.0,0,9.2,-0.33169934640522847,-3.400980392156863,-38.970588235294116,-5.848039215686278,0.0,0.0,0.0,1,3.0
2026-01-20,2026-01-21,4.130888025926202,8.037618992510938,0.5139442451520982,15,1,1,0,1.0,0,3.0,13.0,1390.5497942505126,1963.9001665367514,3.0,0.5294117647058824,0.35294117647058826,2,True,1,0,15,7.1,-1.6,0.0,0,9.6,-0.3800653594771237,-2.915686274509804,-39.29738562091503,-5.50065359477124,0.0,0.0,0.0,0,0.0
2026-01-21,2026-01-22,3.0981660194446516,7.483300441303286,0.4140106419280792,16,0,0,0,1.0,0,3.0,12.0,1042.9123456878845,1828.4587757411134,0.0,0.4057971014492754,0.34615384615384615,3,True,1,0,16,6.3,-1.4,0.0,0,10.0,-1.2111111111111112,-2.7411764705882353,-39.501633986928105,-5.10032679738562,0.0,0.0,0.0,1,119.0
2026-01-22,2026-01-23,32.073624514583486,15.1741073074203,2.113707506134423,0,1,1,1,1.0,0,4.0,13.0,3548.184259265913,2465.392653276209,119.0,0.5217391304347826,0.3584905660377358,4,True,1,0,0,6.6,-2.2,0.0,0,7.4,-0.9499999999999993,-3.555228758169935,-39.24291938997821,-7.71045751633987,0.0,0.0,0.0,1,69.0
2026-01-23,2026-01-24,41.305218385937614,18.886237837943035,2.187053808194354,0,2,1,1,2.0,1,4.0,14.0,5725.638194449435,3140.744884084746,69.0,0.463768115942029,0.37037037037037035,5,True,1,0,0,5.9,-4.2,0.0,0,6.7,-1.6624183006535942,-5.550653594771242,-39.07952069716776,-8.422549019607843,0.0,0.0,0.0,1,22.0
2026-01-24,2026-01-25,36.47891378945321,19.100980056015928,1.9097927793482008,1,3,1,0,2.0,1,4.0,15.0,6657.228645837076,3576.0038575961426,22.0,0.2608695652173913,0.38181818181818183,6,True,1,0,1,6.2,-5.0,0.0,0,7.1,-1.3660130718954253,-6.326797385620915,-38.73910675381264,-7.9552287581699375,0.0,0.0,0.0,1,3.0
2026-01-25,2026-01-26,28.10918534208991,17.990567638359657,1.5624401579278266,2,4,1,0,2.0,1,5.0,16.0,5304.171484377807,3415.244970865374,3.0,0.34782608695652173,0.39285714285714285,0,True,1,0,2,9.8,-2.3,0.0,0,7.8,2.207516339869283,-3.598039215686274,-38.630174291939,-7.227124183006537,0.0,0.0,0.0,1,2.0
2026-01-26,2026-01-27,21.58188900656743,16.88776987019692,1.2779596816187415,3,5,1,0,2.0,1,6.0,17.0,4328.878613283356,3276.4694556332793,2.0,0.4057971014492754,0.40350877192982454,1,True,1,0,3,12.4,1.8,8.333333333333332,1,17.5,4.7709150326797385,0.5277777777777779,-30.460239651416128,2.5320261437908496,0.0,0.0,0.0,1,7.0
2026-01-27,2026-01-28,17.936416754925574,16.205854706735064,1.106786225071566,4,6,1,0,2.0,1,6.0,18.0,4076.6589599625167,3279.471562141329,7.0,0.5217391304347826,0.41379310344827586,2,True,1,0,4,9.1,4.0,62.5,1,18.1,1.4486928104575165,2.7516339869281046,23.40686274509804,3.1274509803921564,100.0,57.14285714285714,60.0,1,2.0
2026-01-28,2026-01-29,13.95231256619418,15.226140589029196,0.9163394022676475,5,7,1,0,2.0,1,7.0,18.0,3343.9942199718876,3132.3355923384784,2.0,0.4142857142857143,0.423728813559322,3,True,1,0,5,10.6,6.5,70.83333333333334,1,16.8,2.916993464052287,5.2330065359477125,30.814270152505458,1.7558823529411764,100.0,0.0,100.0,1,4.0
2026-01-29,2026-01-30,11.464234424645635,14.451923996682355,0.7932670021844437,6,8,1,0,2.0,1,7.0,18.0,3065.9956649789156,3070.2434825220316,4.0,0.5285714285714286,0.43333333333333335,4,True,1,0,6,10.5,6.9,37.5,1,16.3,2.7751633986928095,5.644771241830066,-2.3828976034858442,1.223202614379085,0.0,57.14285714285714,60.0,1,5.0
2026-01-30,2026-01-31,9.848175818484226,13.80006716932495,0.7136324553821691,7,9,1,0,2.0,1,7.0,18.0,2943.9967487341864,3036.2956561412016,5.0,0.4714285714285714,0.4426229508196721,5,True,1,0,7,16.1,6.2,8.333333333333332,1,14.3,8.347712418300656,4.913071895424837,-31.454248366013072,-0.7434640522875782,0.0,28.57142857142857,0.0,1,123.0
2026-01-31,2026-02-01,38.13613186386317,21.33109701971633,1.7878185931372375,0,10,1,1,2.0,1,7.0,18.0,3351.49756155064,3142.3442315797392,123.0,0.2714285714285714,0.25,6,True,2,0,8,11.8,6.1,50.0,1,22.1,4.040983606557377,4.796065573770491,10.05464480874317,7.07049180327869,75.0,85.71428571428571,40.0,0,0.0
2026-02-01,2026-02-02,28.602098897897378,19.85998688042555,1.4401872000272191,1,0,0,0,1.0,0,6.0,17.0,2513.62317116298,2925.6308362983777,0.0,0.35714285714285715,0.2413793103448276,0,True,2,0,9,11.0,4.0,29.166666666666668,1,13.1,3.191475409836066,2.695081967213115,-10.56010928961749,-1.8406557377049193,50.0,57.14285714285714,20.0,1,4.0
2026-02-02,2026-02-03,22.451574173423033,18.76619468177551,1.1963839528546787,2,1,1,0,1.0,0,6.0,18.0,2351.2173783722346,2852.414916553662,4.0,0.4142857142857143,0.26666666666666666,1,True,2,0,10,15.7,4.4,0.0,0,8.9,7.886885245901639,3.130491803278689,-39.42622950819672,-5.982295081967214,0.0,0.0,0.0,1,3.0
2026-02-03,2026-02-04,17.588680630067273,17.678870910618578,0.9948984139876753,3,2,1,0,2.0,1,6.0,19.0,2087.1630337791757,2745.0069912740987,3.0,0.5285714285714286,0.2903225806451613,2,True,2,0,11,16.7,5.1,0.0,0,14.8,8.83344262295082,3.8757377049180324,-38.674863387978135,0.03311475409836184,0.0,0.0,0.0,1,3.0
2026-02-04,2026-02-05,13.941510472550455,16.66653498574833,0.8364972373964916,4,3,1,0,2.0,1,6.0,19.0,2039.1222753343818,2686.385819462092,3.0,0.4225352112676056,0.3125,3,True,2,0,12,14.1,1.2,0.0,0,12.5,6.218032786885246,0.040983606557376984,-38.31967213114754,-2.1550819672131123,0.0,0.0,0.0,1,27.0
2026-02-05,2026-02-06,17.206132854412843,17.379187745351896,0.9900424062692265,5,4,1,0,2.0,1,6.0,19.0,1963.5917065007864,2620.910935361258,27.0,0.5352112676056338,0.3333333333333333,4,True,2,0,13,15.7,3.3,0.0,0,11.1,7.817377049180326,2.1947540983606553,-37.78688524590164,-3.4032786885245905,0.0,0.0,0.0,1,4.0
2026-02-06,2026-02-07,13.904599640809632,16.456485142224178,0.8449313155658679,6,5,1,0,2.0,1,6.0,20.0,1984.9437798755898,2581.4688018880674,4.0,0.4788732394366197,0.35294117647058826,5,True,2,0,14,9.6,4.4,45.83333333333333,1,20.8,1.6924590163934417,3.361967213114754,8.647540983606547,6.398688524590165,0.0,85.71428571428571,80.0,0,0.0
2026-02-07,2026-02-08,10.428449730607223,15.321555132415613,0.6806391153169491,7,0,0,0,1.0,0,5.0,20.0,1488.7078349066924,2403.436470723373,0.0,0.2676056338028169,0.34285714285714286,6,True,2,0,15,9.0,4.4,25.0,1,17.1,1.0619672131147544,3.39344262295082,-11.721311475409834,2.8039344262295085,0.0,0.0,40.0,1,3.0
2026-02-08,2026-02-09,8.571337297955417,14.471792709490398,0.5922788883186846,8,1,1,0,1.0,0,6.0,20.0,1762.2808761800193,2415.8201623976233,3.0,0.36619718309859156,0.3611111111111111,0,True,2,0,16,9.0,4.1,50.0,1,15.4,1.0298360655737717,3.081967213114754,13.469945355191257,1.2291803278688516,100.0,71.42857142857143,40.0,0,0.0
2026-02-09,2026-02-10,6.428502973466562,13.47373803987037,0.4771135489233848,9,0,0,0,1.0,0,5.0,19.0,1321.7106571350146,2249.211875335718,0.0,0.4225352112676056,0.35135135135135137,1,True,2,0,17,12.3,-0.1,0.0,0,11.1,4.261967213114753,-1.098688524590164,-36.39344262295082,-3.0160655737704936,0.0,0.0,0.0,1,92.0
2026-02-10,2026-02-11,27.82137723009992,18.889342312982755,1.4728610858504123,0,1,1,1,1.0,0,5.0,20.0,3656.032992851261,2829.1972632436,92.0,0.5352112676056338,0.3684210526315789,2,True,2,0,0,10.1,0.1,0.0,0,8.9,2.0091803278688527,-0.8763934426229508,-35.95628415300546,-5.167540983606559,0.0,0.0,0.0,0,0.0
2026-02-11,2026-02-12,20.866032922574938,17.586629050018427,1.1864714302683876,1,0,0,0,1.0,0,4.0,20.0,2742.0247446384456,2634.08021060611,0.0,0.4305555555555556,0.358974358974359,3,True,2,0,1,11.2,0.1,0.0,0,10.6,3.085901639344261,-0.8960655737704917,-35.69672131147541,-3.379344262295085,0.0,0.0,0.0,1,57.0
2026-02-12,2026-02-13,29.899524691931205,20.304792563810256,1.472535343464768,0,1,1,1,1.0,0,4.0,21.0,4463.018558478834,3116.2815753918953,57.0,0.5416666666666666,0.375,4,True,2,0,0,7.7,5.0,58.333333333333336,1,11.1,-0.460327868852457,3.9921311475409835,22.950819672131146,-2.8091803278688534,25.0,71.42857142857143,100.0,1,9.0
2026-02-13,2026-02-14,24.674643518948404,19.525151697340583,1.2637363284767311,1,2,1,0,2.0,1,4.0,22.0,4595.263918859126,3245.6414667441786,9.0,0.4722222222222222,0.3902439024390244,5,True,2,0,1,8.5,3.1,20.833333333333336,1,11.9,0.2704918032786878,2.0927868852459017,-14.289617486338798,-1.9649180327868851,25.0,28.57142857142857,0.0,1,16.0
2026-02-14,2026-02-15,22.505982639211304,19.28203778717916,1.1671993846094306,2,3,1,0,2.0,1,5.0,23.0,5248.197939144344,3518.8386069687176,16.0,0.2777777777777778,0.40476190476190477,6,True,2,0,2,8.1,0.7,0.0,0,8.8,-0.25770491803278617,-0.30983606557377064,-34.685792349726775,-4.982622950819671,0.0,0.0,0.0,0,0.0
2026-02-15,2026-02-16,16.879486979408476,17.952242077718527,0.9402439487131524,3,0,0,0,1.0,0,4.0,22.0,3936.148454358258,3276.1600823501853,0.0,0.3611111111111111,0.3953488372093023,0,True,2,0,3,6.8,-1.5,12.5,1,17.2,-1.69344262295082,-2.5534426229508194,-22.131147540983605,3.4386885245901606,0.0,14.285714285714285,40.0,1,41.0
2026-02-16,2026-02-17,22.909615234556355,19.541742624082765,1.1723424914174803,0,1,1,1,1.0,0,5.0,22.0,5170.6113407686935,3662.218007705345,41.0,0.4305555555555556,0.4090909090909091,1,True,2,0,0,7.6,-1.7,20.833333333333336,1,9.6,-1.01704918032787,-2.7842622950819673,-13.620218579234965,-4.154754098360655,50.0,14.285714285714285,20.0,1,12.0
2026-02-17,2026-02-18,20.182211425917266,19.02162244311154,1.061014195097013,1,2,1,0,2.0,1,5.0,23.0,5494.20850557652,3855.5133175187693,12.0,0.5277777777777778,0.4222222222222222,2,True,2,0,1,5.4,-1.1,66.66666666666666,1,9.0,-3.3144262295081965,-2.202295081967213,32.26775956284152,-4.665245901639343,50.0,71.42857142857143,60.0,1,42.0
2026-02-18,2026-02-19,25.636658569437948,20.606338136690056,1.2441152037484666,0,3,1,1,2.0,1,6.0,24.0,6537.90637918239,4256.443433551957,42.0,0.4383561643835616,0.43478260869565216,3,True,2,0,0,3.6,-2.1,20.833333333333336,1,11.6,-5.144590163934428,-3.2334426229508195,-13.948087431693985,-2.0196721311475407,0.0,42.857142857142854,0.0,1,3.0
2026-02-19,2026-02-20,19.977493927078463,19.392107920366605,1.0301868166738621,1,4,1,0,2.0,1,6.0,24.0,5526.929784386793,4134.895610548374,3.0,0.547945205479452,0.44680851063829785,4,True,2,0,1,5.1,-2.1,0.0,0,8.9,-3.722950819672132,-3.261967213114754,-34.89071038251366,-4.6875409836065565,0.0,0.0,0.0,1,2.0
2026-02-20,2026-02-21,15.483120445308847,18.19265220172063,0.8510644997569118,2,5,1,0,2.0,1,6.0,25.0,4578.197338290094,3969.178671889865,2.0,0.4794520547945205,0.4583333333333333,5,True,2,0,2,8.3,2.0,29.166666666666668,1,26.2,-0.5924590163934411,0.8249180327868852,-5.505464480874313,12.624918032786885,0.0,71.42857142857143,40.0,0,0.0
2026-02-21,2026-02-22,11.612340333981635,16.937986532636447,0.6855797359152901,3,0,0,0,1.0,0,5.0,24.0,3433.6480037175706,3695.4422117595295,0.0,0.273972602739726,0.4489795918367347,6,True,2,0,3,10.7,5.3,66.66666666666666,1,25.3,1.7557377049180314,4.090163934426229,31.707650273224033,11.707540983606558,100.0,57.14285714285714,40.0,1,4.0
2026-02-22,2026-02-23,9.709255250486226,16.045711599351176,0.6050996984688937,4,1,1,0,1.0,0,6.0,24.0,3207.4860027881778,3614.997921293355,4.0,0.3698630136986301,0.46,0,True,2,0,4,8.3,3.2,58.333333333333336,1,14.6,-0.7042622950819677,1.9452459016393442,23.114754098360656,0.9921311475409844,75.0,57.14285714285714,40.0,0,0.0
2026-02-23,2026-02-24,7.28194143786467,14.939110799395921,0.4874414237666088,5,0,0,0,1.0,0,5.0,23.0,2405.6145020911335,3365.6877198248476,0.0,0.4383561643835616,0.45098039215686275,1,True,2,0,5,8.1,0.7,0.0,0,6.3,-0.9550819672131166,-0.5855737704918031,-34.83606557377049,-7.2829508196721315,0.0,0.0,0.0,1,59.0
2026-02-24,2026-02-25,20.211456078398502,17.977792813230685,1.124245689577864,0,1,1,1,1.0,0,5.0,23.0,5040.46087656835,4026.329946043824,59.0,0.5342465753424658,0.46153846153846156,2,True,2,0,0,9.9,-0.8,0.0,0,18.3,0.7655737704918035,-2.117704918032787,-34.57650273224044,4.68032786885246,0.0,0.0,0.0,1,3.0
2026-02-25,2026-02-26,15.908592058798877,16.944841584732018,0.9388457235937312,1,2,1,0,2.0,1,5.0,23.0,4114.845657426262,3840.927880799422,3.0,0.44594594594594594,0.4716981132075472,3,True,2,0,1,10.5,4.4,0.0,0,26.6,1.3147540983606554,3.0390163934426235,-34.986338797814206,12.978688524590165,0.0,0.0,0.0,1,9.0
2026-02-26,2026-02-27,14.181444044099159,16.396921475440156,0.8648845495381916,2,3,1,0,2.0,1,5.0,23.0,4392.384243069697,3936.3811303994617,9.0,0.5540540540540541,0.48148148148148145,4,True,2,0,2,10.2,5.5,0.0,0,18.2,0.9767213114754085,4.1314754098360655,-34.603825136612016,4.638688524590162,0.0,0.0,0.0,1,75.0
2026-02-27,2026-02-28,29.38608303307437,20.438513097823595,1.4377798860624338,0,4,1,1,2.0,1,5.0,23.0,6485.788182302273,4545.320362785706,75.0,0.47297297297297297,0.4909090909090909,5,True,2,0,0,11.1,2.7,0.0,0,12.7,1.8478688524590172,1.3262295081967215,-34.42622950819672,-0.8573770491803288,0.0,0.0,0.0,1,4.0
2026-02-28,2026-03-01,23.03956227480578,19.304822539353,1.1934614901452467,1,5,1,0,2.0,1,6.0,23.0,5569.5911367267045,4426.401717076346,4.0,0.28378378378378377,0.45161290322580644,6,True,3,1,1,12.7,-0.1,0.0,0,8.0,3.418688524590163,-1.4649180327868851,-34.80874316939891,-5.561311475409836,0.0,0.0,0.0,0,0.0
2026-03-01,2026-03-02,17.279671706104335,17.97345546767348,0.9613995337281156,2,0,0,0,1.0,0,5.0,22.0,4177.193352545029,4121.132633140047,0.0,0.36486486486486486,0.4375,0,True,3,1,2,,,,0,,,,,,,,,1,12.0
2026-03-02,2026-03-03,15.95975377957825,17.561493021627033,0.9087925360288993,3,1,1,0,1.0,0,6.0,22.0,4374.895014408771,4179.537279130388,12.0,0.44594594594594594,0.45454545454545453,1,True,3,1,3,,,,0,,,,,,,,,1,25.0
2026-03-03,2026-03-04,18.219815334683688,18.074493502894136,1.0080401606698568,4,2,1,0,2.0,1,6.0,23.0,5088.671260806578,4389.914018500706,25.0,0.5405405405405406,0.47058823529411764,2,True,3,1,4,11.5,6.5,70.83333333333334,1,18.4,2.1072131147540993,5.145901639344262,37.18579234972678,4.9626229508196715,100.0,100.0,80.0,0,0.0
2026-03-04,2026-03-05,13.664861501012766,16.82797670959109,0.812032351650718,5,0,0,0,1.0,0,5.0,22.0,3816.5034456049334,4087.161327569623,0.0,0.4533333333333333,0.45714285714285713,3,True,3,1,5,,,,0,,,,,,,,,1,13.0
2026-03-05,2026-03-06,13.498646125759574,16.563978315826187,0.8149398573446685,6,1,1,0,1.0,0,5.0,22.0,4232.6275842037,4183.288132564821,13.0,0.56,0.4722222222222222,4,True,3,1,6,10.0,6.0,95.83333333333334,1,16.5,0.5344262295081972,4.638360655737705,62.281420765027335,2.9429508196721326,100.0,100.0,100.0,0,0.0
2026-03-06,2026-03-07,10.12398459431968,15.421634983700242,0.6564793295276495,7,0,0,0,1.0,0,4.0,21.0,3174.4706881527754,3894.7855027327646,0.0,0.48,0.4594594594594595,5,True,3,1,7,,,,0,,,,,,,,,1,20.0
2026-03-07,2026-03-08,12.59298844573976,15.73738429516919,0.8001957764738168,8,1,1,0,1.0,0,4.0,21.0,4302.103016114582,4156.179605992574,20.0,0.28,0.47368421052631576,6,True,3,1,8,10.4,3.3,58.333333333333336,1,24.7,0.759672131147541,1.9301639344262291,25.46448087431694,11.270819672131148,75.0,71.42857142857143,60.0,0,0.0
2026-03-08,2026-03-09,9.444741334304819,14.652047447226487,0.6446021532705746,9,0,0,0,1.0,0,4.0,20.0,3226.577262085936,3869.5465297172236,0.0,0.37333333333333335,0.46153846153846156,0,True,3,1,9,6.9,0.8,79.16666666666666,1,21.5,-2.778688524590164,-0.5786885245901638,46.46174863387977,8.06,75.0,85.71428571428571,80.0,0,0.0
2026-03-09,2026-03-10,7.083556000728614,13.641561416383281,0.5192628456901851,10,0,0,0,0.0,0,3.0,20.0,2419.9329465644523,3602.681251805691,0.0,0.4533333333333333,0.45,1,True,3,1,10,8.6,0.2,25.0,1,21.8,-1.1101639344262306,-1.1714754098360656,-7.636612021857921,8.408852459016394,0.0,14.285714285714285,80.0,1,65.0
2026-03-10,2026-03-11,21.562667000546462,17.18352269801202,1.25484555055996,0,1,1,1,1.0,0,3.0,20.0,4112.6997099233395,3988.0825447846087,65.0,0.5333333333333333,0.4634146341463415,2,True,3,1,0,10.4,2.8,87.5,1,36.4,0.6311475409836067,1.4118032786885244,54.53551912568306,22.97934426229508,100.0,100.0,100.0,0,0.0
2026-03-11,2026-03-12,16.172000250409845,15.998452167114639,1.0108478046177454,1,0,0,0,1.0,0,3.0,20.0,3084.5247824425046,3713.042369282222,0.0,0.4605263157894737,0.4523809523809524,3,True,3,1,1,9.0,1.5,58.333333333333336,1,26.3,-0.8295081967213118,0.09934426229508198,25.095628415300546,12.815409836065573,0.0,71.42857142857143,100.0,1,4.0
2026-03-12,2026-03-13,13.129000187807383,15.170972707313629,0.8654026634348996,2,1,1,0,1.0,0,3.0,20.0,2867.8935868318786,3609.9359989868963,4.0,0.5526315789473685,0.46511627906976744,4,True,3,1,2,1.4,0.2,100.0,1,4.9,-8.484918032786883,-1.2157377049180331,66.51639344262296,-8.673770491803278,100.0,100.0,100.0,1,3.0
2026-03-13,2026-03-14,10.596750140855537,14.331595279223034,0.7393978084364398,3,2,1,0,2.0,1,4.0,21.0,3180.920190123909,3645.1128266429723,3.0,0.4868421052631579,0.4772727272727273,5,True,3,1,3,5.3,-1.1,41.66666666666667,1,7.2,-4.684590163934426,-2.522622950819672,8.442622950819683,-6.4308196721311495,100.0,42.857142857142854,0.0,1,88.0
2026-03-14,2026-03-15,29.947562605641654,19.412174915138685,1.542720624379234,0,3,1,1,2.0,1,4.0,21.0,3279.690142592932,3640.346424805526,88.0,0.27631578947368424,0.4888888888888889,6,True,3,1,4,,,,0,,,,,,,,,1,12.0
2026-03-15,2026-03-16,25.46067195423124,18.90099043823257,1.347054908970795,1,4,1,0,2.0,1,5.0,21.0,3723.517606944699,3737.9087403361796,12.0,0.3684210526315789,0.5,0,True,3,1,5,10.9,3.6,50.0,1,12.6,0.6681967213114763,2.139344262295082,17.60928961748634,-0.8970491803278708,100.0,42.857142857142854,0.0,1,9.0
2026-03-16,2026-03-17,21.34550396567343,18.218163511457906,1.17166057666837,2,5,1,0,2.0,1,6.0,21.0,4257.138205208525,3884.1219306578223,9.0,0.4605263157894737,0.5106382978723404,1,True,3,1,6,11.2,8.0,83.33333333333334,1,18.8,0.8485245901639349,6.487540983606557,51.22950819672132,5.3196721311475414,100.0,71.42857142857143,100.0,1,8.0
2026-03-17,2026-03-18,18.009127974255073,17.513462579633224,1.0283019644098403,3,6,1,0,2.0,1,6.0,22.0,4961.603653906393,4104.182487164179,8.0,0.5263157894736842,0.5208333333333334,2,True,3,1,7,14.1,9.3,83.33333333333334,1,13.9,3.580327868852459,7.755409836065574,51.734972677595636,0.4065573770491806,100.0,71.42857142857143,60.0,1,10.0
2026-03-18,2026-03-19,16.006845980691303,16.99529274655507,0.9418399682427286,4,7,1,0,2.0,1,7.0,22.0,5878.952740429795,4416.376798394236,10.0,0.4675324675324675,0.5306122448979592,3,True,3,1,8,12.1,9.2,87.5,1,10.7,1.463606557377048,7.603606557377049,56.0655737704918,-2.8334426229508196,75.0,100.0,100.0,1,44.0
2026-03-19,2026-03-20,23.005134485518475,18.857686350240925,1.219934092562981,0,8,1,1,2.0,1,7.0,22.0,6579.964555322346,4710.626674367048,44.0,0.5584415584415584,0.54,4,True,3,1,9,13.2,7.3,75.0,1,19.4,2.458688524590162,5.6577049180327865,43.62021857923497,5.837704918032786,100.0,100.0,40.0,1,3.0
2026-03-20,2026-03-21,18.003850864138855,17.764052808845,1.0134990622846187,1,9,1,0,2.0,1,7.0,22.0,5603.72341649176,4570.238627858975,3.0,0.4935064935064935,0.5490196078431373,5,True,3,1,10,9.7,3.9,0.0,0,13.4,-1.1678688524590157,2.2199999999999998,-31.202185792349724,-0.1845901639344234,0.0,0.0,0.0,1,49.0
2026-03-21,2026-03-22,25.75288814810414,19.918256063407416,1.292928862151529,0,10,1,1,2.0,1,7.0,22.0,4976.54256236882,4468.498032834217,49.0,0.2857142857142857,0.5576923076923077,6,True,3,1,11,10.1,1.1,0.0,0,13.8,-0.8898360655737694,-0.6337704918032785,-31.13387978142076,0.2065573770491813,0.0,0.0,0.0,0,0.0
2026-03-22,2026-03-23,19.314666111078104,18.544583231448282,1.041526027844287,1,0,0,0,1.0,0,6.0,21.0,3732.4069217766146,4160.325754707719,0.0,0.37662337662337664,0.5471698113207547,0,True,3,1,12,10.0,-0.6,0.0,0,6.7,-1.06295081967213,-2.3832786885245905,-30.50546448087432,-6.804590163934427,0.0,0.0,0.0,1,3.0
2026-03-23,2026-03-24,15.235999583308578,17.47254300858978,0.8719966850743087,2,1,1,0,1.0,0,6.0,22.0,3257.8051913324607,3999.8894957623593,3.0,0.4675324675324675,0.5555555555555556,1,True,3,1,13,12.0,5.2,70.83333333333334,1,28.5,0.8429508196721329,3.3422950819672126,40.7377049180328,15.059672131147543,100.0,100.0,80.0,1,6.0
2026-03-24,2026-03-25,12.926999687481434,16.68133314592842,0.7749380444833724,3,2,1,0,2.0,1,6.0,22.0,3234.6038934993458,3942.310909847714,6.0,0.5324675324675324,0.5636363636363636,2,True,3,1,14,10.7,2.7,45.83333333333333,1,20.9,-0.5819672131147549,0.7613114754098365,15.382513661202182,7.508852459016392,0.0,85.71428571428571,60.0,1,10.0
2026-03-25,2026-03-26,12.195249765611075,16.220551549657493,0.7518394012852532,4,3,1,0,2.0,1,6.0,23.0,3997.9529201245095,4104.082571237527,10.0,0.47435897435897434,0.5714285714285714,3,True,3,1,15,11.3,1.2,0.0,0,12.9,-0.11344262295081897,-0.8701639344262293,-30.64207650273224,-0.42950819672131146,0.0,0.0,0.0,1,55.0
2026-03-26,2026-03-27,22.896437324208307,18.89499627037077,1.211772524142394,0,4,1,1,2.0,1,6.0,23.0,5213.964690093382,4432.214807703905,55.0,0.5641025641025641,0.5789473684210527,4,True,3,1,16,14.5,-1.2,0.0,0,11.9,2.9675409836065576,-3.3960655737704917,-31.079234972677593,-1.468852459016393,0.0,0.0,0.0,0,0.0
2026-03-27,2026-03-28,17.17232799315623,17.591893079310715,0.9761500888924841,1,0,0,0,1.0,0,5.0,22.0,3910.4735175700366,4126.544820965704,0.0,0.5,0.5689655172413793,5,True,3,1,17,13.2,4.3,0.0,0,12.4,1.5498360655737713,1.9786885245901638,-30.806010928961744,-0.8757377049180342,0.0,0.0,0.0,0,0.0
2026-03-28,2026-03-29,12.879245994867173,16.37865907384101,0.7863431271633899,2,0,0,0,0.0,0,4.0,21.0,2932.8551381775274,3841.9555229680695,0.0,0.28205128205128205,0.559322033898305,6,True,3,1,18,8.3,2.8,58.333333333333336,1,12.8,-3.4875409836065554,0.37836065573770483,27.937158469945356,-0.4081967213114748,50.0,71.42857142857143,100.0,0,0.0
2026-03-29,2026-03-30,9.659434496150379,15.249096379093354,0.6334430746593974,3,0,0,0,0.0,0,4.0,20.0,2199.6413536331456,3576.9930731082027,0.0,0.38461538461538464,0.55,0,True,3,1,19,9.5,0.4,4.166666666666666,1,13.0,-2.442950819672131,-2.1311475409836067,-25.887978142076506,-0.17409836065573892,0.0,0.0,0.0,1,50.0
2026-03-30,2026-03-31,19.744575872112783,17.6457104219145,1.118944797348123,0,1,1,1,1.0,0,4.0,20.0,3005.231015224859,3704.2349301352233,50.0,0.47435897435897434,0.5573770491803278,1,False,3,1,20,14.1,-0.6,4.166666666666666,1,12.0,2.049180327868852,-3.2085245901639348,-25.573770491803273,-1.0996721311475426,0.0,0.0,0.0,1,69.0
2026-03-31,2026-04-01,32.058431904084586,21.18738556523074,1.51309050403527,0,2,1,1,2.0,1,4.0,21.0,3983.1732614186444,3925.804934953484,69.0,0.5384615384615384,0.4,2,False,4,1,21,9.1,5.2,87.5,1,19.7,-3.028852459016395,2.497049180327869,57.950819672131146,6.684590163934427,100.0,100.0,80.0,0,0.0
2026-04-01,2026-04-02,24.04382392806344,19.726186560732067,1.2188784615839676,1,0,0,0,1.0,0,3.0,20.0,2987.3799460639834,3655.0597670256575,0.0,0.4810126582278481,0.3870967741935484,3,False,4,1,22,12.0,3.9,16.666666666666664,1,18.5,-0.25278688524590365,1.1334426229508199,-12.554644808743173,5.538688524590164,25.0,14.285714285714285,40.0,1,48.0
2026-04-02,2026-04-03,30.03286794604758,21.67610472895744,1.3855288264005392,0,1,1,1,1.0,0,3.0,20.0,4168.0349595479875,3934.710817575612,48.0,0.5569620253164557,0.40625,4,False,4,1,23,13.8,5.0,0.0,0,11.3,1.4111475409836096,2.155409836065574,-28.715846994535514,-1.635737704918034,0.0,0.0,0.0,1,15.0
2026-04-03,2026-04-04,26.274650959535684,21.215683713167273,1.238454122655902,1,2,1,0,2.0,1,4.0,21.0,4085.5262196609906,3928.0411060186734,15.0,0.4936708860759494,0.42424242424242425,5,False,4,1,24,16.6,1.6,0.0,0,12.4,4.10426229508197,-1.32327868852459,-28.30601092896175,-0.5026229508196725,0.0,0.0,0.0,1,232.0
2026-04-04,2026-04-05,77.70598821965177,35.75253311225919,2.173440074180567,0,3,1,1,2.0,1,5.0,21.0,6283.144664745743,4545.141719396695,232.0,0.27848101265822783,0.4411764705882353,6,False,4,1,0,18.7,4.4,0.0,0,9.2,6.111147540983605,1.4022950819672135,-28.70218579234973,-3.6931147540983638,0.0,0.0,0.0,0,0.0
2026-04-05,2026-04-06,58.27949116473883,33.28684117348269,1.7508267264232342,1,0,0,0,1.0,0,5.0,21.0,4712.358498559308,4231.68366978313,0.0,0.3924050632911392,0.42857142857142855,0,False,4,1,1,20.9,5.3,0.0,0,13.5,8.233442622950818,2.1822950819672124,-29.316939890710387,0.5704918032786885,0.0,0.0,0.0,1,34.0
2026-04-06,2026-04-07,52.20961837355412,33.33602454082871,1.5661621051907297,2,1,1,0,1.0,0,5.0,21.0,5888.768873919481,4589.360658073949,34.0,0.4810126582278481,0.4444444444444444,1,True,4,1,2,12.1,3.9,4.166666666666666,1,11.9,-0.6488524590163927,0.6731147540983606,-25.65573770491804,-1.12360655737705,25.0,0.0,0.0,1,17.0
2026-04-07,2026-04-08,43.40721378016559,32.20940215870259,1.3476566117647573,3,2,1,0,2.0,1,5.0,22.0,6862.8266554396105,4947.680612689539,17.0,0.5316455696202531,0.4594594594594595,2,True,4,1,3,15.3,0.7,0.0,0,8.3,2.445901639344264,-2.6196721311475413,-29.508196721311474,-4.748196721311475,0.0,0.0,0.0,1,68.0
2026-04-08,2026-04-09,49.55541033512419,34.67771925120586,1.4290273814187187,0,3,1,1,2.0,1,6.0,23.0,8602.119991579708,5559.564708366122,68.0,0.4875,0.47368421052631576,3,True,4,1,0,18.1,0.6,0.0,0,10.5,5.126885245901642,-2.816065573770492,-29.48087431693989,-2.562295081967214,0.0,0.0,0.0,1,28.0
2026-04-09,2026-04-10,44.16655775134315,34.21718688905373,1.290771152361221,1,4,1,0,2.0,1,6.0,23.0,8580.839993684782,5763.525762961563,28.0,0.5625,0.48717948717948717,4,True,4,1,1,20.6,4.0,0.0,0,6.8,7.4521311475409835,0.49606557377049176,-29.275956284153004,-6.2518032786885245,0.0,0.0,0.0,1,37.0
2026-04-10,2026-04-11,42.374918313507365,34.40910503463623,1.2315030649838974,2,5,1,0,2.0,1,6.0,24.0,9025.379995263585,6080.455020688351,37.0,0.5,0.5,5,True,4,1,2,12.3,7.1,41.66666666666667,1,10.9,-1.0426229508196716,3.5022950819672123,12.677595628415308,-2.128852459016393,100.0,71.42857142857143,0.0,0,0.0
2026-04-11,2026-04-12,31.781188735130524,32.03606330810959,0.9920441356814729,3,0,0,0,1.0,0,5.0,23.0,6769.034996447689,5661.113295123638,0.0,0.275,0.4878048780487805,6,True,4,1,3,15.2,5.0,20.833333333333336,1,13.0,1.6911475409836072,1.2852459016393443,-8.032786885245898,-0.07377049180327866,0.0,28.57142857142857,20.0,1,27.0
2026-04-12,2026-04-13,30.585891551347892,31.68874859720548,0.9651972042229889,4,1,1,0,1.0,0,6.0,23.0,5600.276247335767,5415.105481666835,27.0,0.4,0.5,0,True,4,1,4,11.8,7.2,54.166666666666664,1,15.4,-1.880983606557379,3.380327868852459,25.57377049180328,2.34655737704918,100.0,57.14285714285714,20.0,1,3.0
2026-04-13,2026-04-14,23.68941866351092,29.710214211191307,0.7973493053640637,5,2,1,0,2.0,1,6.0,23.0,4650.457185501826,5165.8568277587765,3.0,0.4875,0.5116279069767442,1,True,4,1,5,7.9,6.4,66.66666666666666,1,25.7,-5.988524590163934,2.471475409836066,38.456284153005456,12.642622950819671,25.0,100.0,100.0,1,4.0
2026-04-14,2026-04-15,18.76706399763319,27.937095989729837,0.6717614459474346,6,3,1,0,2.0,1,6.0,23.0,4227.592889126369,5013.659805154723,4.0,0.5375,0.5227272727272727,2,True,4,1,6,8.5,1.7,91.66666666666666,1,11.0,-5.585245901639345,-2.3734426229508196,63.44262295081967,-2.029508196721311,75.0,100.0,100.0,0,0.0
2026-04-15,2026-04-16,14.075297998224894,26.010399714576053,0.5411411647909891,7,0,0,0,1.0,0,5.0,22.0,3170.694666844777,4667.890163419914,0.0,0.49382716049382713,0.5111111111111111,3,True,4,1,7,11.9,1.5,25.0,1,8.8,-2.332786885245902,-2.743606557377049,-3.346994535519123,-4.249180327868853,50.0,42.857142857142854,0.0,1,69.0
2026-04-16,2026-04-17,27.80647349866867,28.975199734260464,0.9596646012344866,0,1,1,1,1.0,0,5.0,22.0,6044.271000133583,5357.34601421854,69.0,0.5679012345679012,0.5217391304347826,4,True,4,1,0,13.7,4.5,16.666666666666664,1,10.8,-0.6000000000000014,0.11475409836065609,-11.953551912568308,-2.3275409836065553,25.0,14.285714285714285,0.0,1,45.0
2026-04-17,2026-04-18,32.1048551240015,30.080358373276983,1.0673029465141963,0,2,1,1,2.0,1,5.0,22.0,7230.953250100187,5732.08077185864,45.0,0.49382716049382713,0.5319148936170213,5,True,4,1,1,19.9,2.1,0.0,0,9.1,5.552786885245901,-2.3977049180327863,-29.098360655737704,-4.109508196721311,0.0,0.0,0.0,0,0.0
2026-04-18,2026-04-19,24.078641343001127,28.00585089925788,0.8597718180253249,1,0,0,0,1.0,0,5.0,21.0,7490.96493757514,5907.178649661492,0.0,0.2839506172839506,0.5208333333333334,6,True,4,1,2,21.9,4.6,0.0,0,9.8,7.51606557377049,0.01967213114754074,-29.19398907103825,-3.395409836065575,0.0,0.0,0.0,1,6.0
2026-04-19,2026-04-20,19.558981007250846,26.48820600965389,0.7384033860247984,2,1,1,0,1.0,0,5.0,21.0,6548.723703181355,5756.476673822769,6.0,0.4074074074074074,0.5306122448979592,0,True,4,1,3,21.4,7.2,0.0,0,8.4,6.929180327868849,2.5445901639344264,-28.838797814207652,-4.775081967213115,0.0,0.0,0.0,1,44.0
2026-04-20,2026-04-21,25.669235755438134,27.695915940022587,0.9268238613601598,0,2,1,1,2.0,1,5.0,21.0,7309.542777386016,6020.995523903957,44.0,0.49382716049382713,0.54,1,True,4,1,4,15.4,9.7,37.5,1,13.3,0.837704918032788,4.97967213114754,8.879781420765024,0.1026229508196721,0.0,42.857142857142854,60.0,1,93.0
2026-04-21,2026-04-22,42.5019268165786,32.19964587519344,1.319950131790798,0,3,1,1,2.0,1,5.0,22.0,7654.907083039512,6205.133763634719,93.0,0.5308641975308642,0.5490196078431373,2,True,4,1,5,12.2,9.5,66.66666666666666,1,15.5,-2.3904918032786906,4.7291803278688525,37.97814207650272,2.28688524590164,100.0,100.0,0.0,1,3.0
2026-04-22,2026-04-23,32.626445112433956,30.185877194145615,1.0808513167462854,1,4,1,0,2.0,1,6.0,22.0,6202.930312279634,5904.572814418531,3.0,0.5,0.5576923076923077,3,True,4,1,6,13.7,6.1,0.0,0,10.9,-0.9619672131147574,1.2426229508196718,-28.661202185792355,-2.327540983606557,0.0,0.0,0.0,1,41.0
2026-04-23,2026-04-24,34.71983383432547,30.931678766963156,1.122468460115016,0,5,1,1,2.0,1,6.0,22.0,6918.447734209725,6122.533309975874,41.0,0.573170731707317,0.5660377358490566,4,True,4,1,7,16.0,2.9,0.0,0,16.1,1.2249180327868867,-2.0344262295081967,-28.142076502732237,2.9167213114754116,0.0,0.0,0.0,1,38.0
2026-04-24,2026-04-25,35.5398753757441,31.419149196827764,1.1311533343281106,1,6,1,0,2.0,1,6.0,22.0,7457.085800657294,6326.013771356847,38.0,0.4878048780487805,0.5740740740740741,5,True,4,1,8,16.9,2.1,0.0,0,13.3,2.0013114754098336,-2.922622950819672,-27.855191256830604,0.11737704918032854,0.0,0.0,0.0,0,0.0
2026-04-25,2026-04-26,26.654906531808077,29.252311321184468,0.9112068526532002,2,0,0,0,1.0,0,6.0,21.0,5592.81435049297,5889.736959539134,0.0,0.2926829268292683,0.5636363636363636,6,True,4,1,9,18.0,3.6,0.0,0,11.5,2.9626229508196698,-1.521967213114754,-27.74590163934426,-1.7065573770491795,0.0,0.0,0.0,0,0.0
2026-04-26,2026-04-27,19.991179898856057,27.234910540413125,0.734027742415078,3,0,0,0,0.0,0,5.0,21.0,4194.610762869728,5483.548203708849,0.0,0.4146341463414634,0.5535714285714286,0,True,4,1,10,13.3,6.8,37.5,1,14.9,-1.808196721311477,1.5727868852459013,9.42622950819672,1.6577049180327847,0.0,85.71428571428571,60.0,1,1.0
2026-04-27,2026-04-28,15.243384924142042,25.42560636521222,0.5995288649240759,4,1,1,0,1.0,0,5.0,22.0,3427.708072152296,5183.096603453066,1.0,0.5,0.5614035087719298,1,False,4,1,11,13.4,7.6,16.666666666666664,1,11.1,-1.823606557377051,2.3124590163934426,-10.91530054644809,-2.0495081967213107,25.0,14.285714285714285,20.0,0,0.0
2026-04-28,2026-04-29,11.432538693106531,23.672116271059654,0.48295380785550557,5,0,0,0,1.0,0,4.0,22.0,2570.781054114222,4825.641665283889,0.0,0.5365853658536586,0.5517241379310345,2,False,4,1,12,17.7,6.6,0.0,0,12.7,2.3613114754098383,1.2311475409836063,-27.691256830601095,-0.4229508196721312,0.0,0.0,0.0,0,0.0
2026-04-29,2026-04-30,8.574404019829899,22.03955652822795,0.3890461229947129,6,0,0,0,0.0,0,3.0,21.0,1928.0857905856665,4492.838791816034,0.0,0.5060240963855421,0.5423728813559322,3,False,4,1,13,22.1,5.8,0.0,0,11.0,6.6662295081967216,0.3403278688524596,-27.60928961748634,-2.090819672131147,0.0,0.0,0.0,0,0.0
2026-04-30,2026-05-01,6.430803014872424,20.519587112488093,0.3133982657457409,7,0,0,0,0.0,0,2.0,20.0,1446.0643429392499,4182.9878406563075,0.0,0.5783132530120482,0.6129032258064516,4,False,5,1,14,21.6,7.0,0.0,0,12.2,6.051475409836067,1.43016393442623,-27.281420765027324,-0.8770491803278695,0.0,0.0,0.0,0,0.0
2026-05-01,2026-05-02,4.823102261154318,19.10444317369581,0.252459714072958,8,0,0,0,0.0,0,1.0,20.0,1084.5482572044375,3894.505920611045,0.0,0.4819277108433735,0.59375,5,False,5,1,15,21.9,8.3,0.0,0,13.8,6.1960655737704915,2.6308196721311488,-27.199453551912566,0.7668852459016406,0.0,0.0,0.0,0,0.0
2026-05-02,2026-05-03,3.6173266958657386,17.78689536861334,0.20337032522543838,9,0,0,0,0.0,0,1.0,19.0,813.4111929033281,3625.91930539649,0.0,0.2891566265060241,0.5757575757575758,6,False,5,1,16,25.6,9.0,0.0,0,10.5,9.729508196721312,3.208524590163935,-26.762295081967217,-2.5406557377049186,0.0,0.0,0.0,0,0.0
2026-05-03,2026-05-04,2.712995021899304,16.560212929398627,0.16382609532049203,10,0,0,0,0.0,0,1.0,18.0,792.5583946774962,3426.2007326105254,0.0,0.42168674698795183,0.5588235294117647,0,False,5,1,17,25.0,9.3,0.0,0,10.6,9.016721311475408,3.378032786885246,-26.85792349726776,-2.4718032786885242,0.0,0.0,0.0,1,42.0
2026-05-04,2026-05-05,12.534746266424477,18.314681003233204,0.6844097510741051,0,1,1,1,1.0,0,1.0,18.0,3008.918796008122,3855.979992430489,42.0,0.4939759036144578,0.5714285714285714,1,False,5,1,18,19.4,10.6,0.0,0,10.3,3.2606557377049157,4.550819672131147,-26.543715846994537,-2.7308196721311457,0.0,0.0,0.0,1,32.0
2026-05-05,2026-05-06,17.401059699818358,19.2584961064585,0.9035523648174565,1,2,1,0,2.0,1,2.0,19.0,4899.939097006092,4319.222751573214,32.0,0.5301204819277109,0.5833333333333334,2,False,5,1,19,17.1,10.4,4.166666666666666,1,12.8,0.8455737704918036,4.203606557377049,-22.93715846994536,-0.2829508196721289,0.0,14.285714285714285,0.0,1,17.0
2026-05-06,2026-05-07,17.300794774863768,19.10273775428895,0.9056709565611553,2,3,1,0,2.0,1,3.0,19.0,6450.204322754569,4786.931527326786,17.0,0.5,0.5945945945945946,3,False,5,1,20,15.9,9.3,0.0,0,8.5,-0.4416393442622937,2.9918032786885256,-27.144808743169403,-4.557704918032787,0.0,0.0,0.0,1,8.0
2026-05-07,2026-05-08,14.975596081147826,18.337031702269023,0.8166859459208301,3,4,1,0,2.0,1,4.0,19.0,5770.903242065927,4714.246594407697,8.0,0.5714285714285714,0.6052631578947368,4,False,5,1,21,17.2,8.6,0.0,0,14.5,0.7311475409836063,2.2288524590163936,-27.11748633879781,1.4606557377049185,0.0,0.0,0.0,1,1.0
2026-05-08,2026-05-09,11.481697060860869,17.14137434349185,0.6698235993673507,4,5,1,0,2.0,1,5.0,19.0,4592.427431549445,4462.022691345096,1.0,0.47619047619047616,0.6153846153846154,5,False,5,1,22,20.3,7.6,0.0,0,9.3,3.6819672131147563,1.1354098360655733,-26.939890710382517,-3.6668852459016392,0.0,0.0,0.0,1,52.0
2026-05-09,2026-05-10,21.611272795645654,19.54541749221655,1.1056951228722423,0,6,1,1,2.0,1,6.0,19.0,4065.320573662084,4325.607333321296,52.0,0.2857142857142857,0.625,6,False,5,1,23,19.0,8.2,4.166666666666666,1,13.3,2.2662295081967194,1.6144262295081955,-22.568306010928964,0.398688524590165,0.0,0.0,20.0,0,0.0
2026-05-10,2026-05-11,16.208454596734242,18.197457665167132,0.8906988489804176,1,0,0,0,1.0,0,6.0,18.0,3048.990430246563,4027.2895861956895,0.0,0.42857142857142855,0.6097560975609756,0,False,5,1,24,20.6,10.0,0.0,0,13.1,3.7380327868852454,3.2885245901639344,-26.707650273224047,0.27803278688524635,0.0,0.0,0.0,1,9.0
2026-05-11,2026-05-12,14.406340947550682,17.56315023998319,0.8202595064497079,2,1,1,0,1.0,0,6.0,19.0,3597.7428226849224,4111.2006492166765,9.0,0.5,0.6190476190476191,1,True,5,1,25,26.7,7.0,0.0,0,12.3,9.715737704918034,0.1268852459016392,-26.721311475409834,-0.4918032786885238,0.0,0.0,0.0,1,24.0
2026-05-12,2026-05-13,16.80475571066301,18.007070913087798,0.9332309397665043,3,2,1,0,2.0,1,6.0,19.0,5830.807117013692,4691.807500994837,24.0,0.5357142857142857,0.627906976744186,2,True,5,1,26,14.6,10.3,70.83333333333334,1,25.7,-2.5281967213114758,3.2691803278688543,43.87978142076504,12.944262295081966,75.0,100.0,40.0,1,5.0
2026-05-13,2026-05-14,13.853566782997257,17.1100315397714,0.8096751166586307,4,3,1,0,2.0,1,6.0,19.0,5184.355337760269,4592.027673340021,5.0,0.5058823529411764,0.6363636363636364,3,True,5,1,27,15.3,9.0,50.0,1,19.7,-1.8934426229508183,1.8108196721311467,22.37704918032787,6.972459016393444,0.0,71.42857142857143,80.0,1,21.0
2026-05-14,2026-05-15,15.640175087247943,17.378305226683715,0.8999827591492098,5,4,1,0,2.0,1,6.0,19.0,6945.766503320202,5118.784385523467,21.0,0.5764705882352941,0.6444444444444445,4,True,5,1,28,9.6,6.8,62.5,1,19.0,-7.646557377049183,-0.5380327868852461,34.42622950819672,6.226885245901638,25.0,100.0,100.0,0,0.0
2026-05-15,2026-05-16,11.730131315435958,16.179801417946905,0.7249861115368635,6,0,0,0,1.0,0,5.0,19.0,5209.324877490151,4765.764772728745,0.0,0.4823529411764706,0.6304347826086957,5,True,5,1,29,12.1,6.0,70.83333333333334,1,15.9,-5.19639344262295,-1.4550819672131157,42.500000000000014,3.0888524590163957,75.0,100.0,100.0,0,0.0
2026-05-16,2026-05-17,8.79759848657697,15.063953044295394,0.5840165898491402,7,0,0,0,0.0,0,4.0,18.0,3906.9936581176134,4437.091340126763,0.0,0.2823529411764706,0.6170212765957447,6,True,5,1,30,16.1,5.6,16.666666666666664,1,10.1,-1.2613114754098333,-1.9668852459016382,-11.789617486338805,-2.7098360655737714,0.0,57.14285714285714,0.0,1,122.0
2026-05-17,2026-05-18,37.098198864932726,22.438852834343987,1.6533019374391433,0,1,1,1,1.0,0,5.0,18.0,4709.24524358821,4621.843661497331,122.0,0.43529411764705883,0.625,0,True,5,1,31,17.7,6.0,4.166666666666666,1,12.1,0.3177049180327849,-1.6767213114754105,-24.549180327868847,-0.6737704918032783,0.0,0.0,20.0,1,58.0
2026-05-18,2026-05-19,42.323649148699545,24.89134574232026,1.70033591541581,0,2,1,1,2.0,1,5.0,19.0,5837.933932691158,4939.233753807859,58.0,0.5058823529411764,0.6326530612244898,1,True,5,1,32,16.8,8.8,8.333333333333332,1,11.7,-0.6180327868852444,1.0183606557377072,-20.573770491803284,-1.0199999999999996,0.0,0.0,40.0,1,56.0
2026-05-19,2026-05-20,45.74273686152466,27.03677017388438,1.691871350288317,0,3,1,1,2.0,1,5.0,19.0,6612.200449518368,5214.803839752145,56.0,0.5411764705882353,0.64,2,True,5,1,33,18.8,7.0,8.333333333333332,1,9.4,1.2970491803278712,-0.8770491803278686,-20.423497267759565,-3.280655737704917,0.0,28.57142857142857,0.0,1,18.0
2026-05-20,2026-05-21,38.8070526461435,26.413544644650976,1.4692103300873076,1,4,1,0,2.0,1,5.0,19.0,8489.900337138777,5829.162195631307,18.0,0.5116279069767442,0.6470588235294118,3,True,5,1,0,22.8,7.1,0.0,0,9.7,5.195409836065572,-0.8911475409836056,-28.96174863387978,-2.9226229508196724,0.0,0.0,0.0,1,40.0
2026-05-21,2026-05-22,39.105289484607624,27.350541565709527,1.4297811760201304,2,5,1,0,2.0,1,5.0,19.0,9248.425252854082,6221.9096304153545,40.0,0.5697674418604651,0.6538461538461539,4,True,5,1,1,23.7,8.8,0.0,0,12.2,5.956393442622954,0.7013114754098364,-28.715846994535514,-0.3468852459016407,0.0,0.0,0.0,1,45.0
2026-05-22,2026-05-23,40.57896711345572,28.567745595660593,1.4204469504803912,0,6,1,1,2.0,1,6.0,19.0,9265.318939640561,6435.2951731453295,45.0,0.47674418604651164,0.660377358490566,5,True,5,1,2,18.7,10.6,0.0,0,11.4,0.8091803278688516,2.39016393442623,-28.647540983606557,-1.1475409836065573,0.0,0.0,0.0,1,176.0
2026-05-23,2026-05-24,74.43422533509178,38.73548727871848,1.9216029167131818,0,7,1,1,2.0,1,7.0,19.0,12954.73920473042,7648.240333618065,176.0,0.29069767441860467,0.6666666666666666,6,True,5,1,0,,,,0,,,,,,,,,1,86.0
2026-05-24,2026-05-25,77.32566900131883,41.99510884570341,1.841301787915955,0,8,1,1,2.0,1,7.0,19.0,13854.304403547816,8262.361689920268,86.0,0.4418604651162791,0.6727272727272727,0,True,5,1,0,16.9,10.5,29.166666666666668,1,10.8,-1.2832786885245895,2.1052459016393446,1.7896174863387984,-1.7186885245901617,0.0,0.0,100.0,1,8.0
2026-05-25,2026-05-26,59.99425175098912,39.65061858048249,1.5130722772764138,1,9,1,0,2.0,1,7.0,20.0,10963.478302660862,7850.5436423395595,8.0,0.5116279069767442,0.6785714285714286,1,True,5,1,1,15.3,9.0,45.83333333333333,1,9.5,-3.0714754098360615,0.5098360655737704,19.03005464480874,-3.022950819672131,75.0,100.0,20.0,1,5.0
2026-05-26,2026-05-27,46.24568881324184,37.260920747345764,1.2411311337907853,2,10,1,0,2.0,1,7.0,21.0,8749.858726995646,7454.575115281658,5.0,0.5465116279069767,0.6842105263157895,2,True,5,1,2,21.6,8.7,0.0,0,10.3,2.9865573770491807,0.10622950819672106,-26.120218579234972,-2.149508196721312,0.0,0.0,0.0,1,4.0
2026-05-27,2026-05-28,35.684266609931385,34.96706414408054,1.020510800188876,3,11,1,0,2.0,1,7.0,21.0,7238.144045246734,7126.880279744993,4.0,0.5172413793103449,0.6896551724137931,3,True,5,1,3,,,,0,,,,,,,,,1,9.0
2026-05-28,2026-05-29,29.01319995744854,33.176232134143945,0.8745176317834193,4,12,1,0,2.0,1,7.0,22.0,7195.60803393505,7122.819570797062,9.0,0.5747126436781609,0.6949152542372882,4,True,5,1,4,,,,0,,,,,,,,,1,5.0
2026-05-29,2026-05-30,23.009899968086405,31.233043711099533,0.7367165422916881,5,13,1,0,2.0,1,7.0,23.0,6228.456025451287,6861.0389107420915,5.0,0.4827586206896552,0.7,5,True,5,1,5,,,,0,,,,,,,,,1,29.0
2026-05-30,2026-05-31,24.507424976064804,31.079040696540943,0.7885515262635648,6,14,1,0,2.0,1,7.0,24.0,5471.342019088465,6608.553468621947,29.0,0.2988505747126437,0.7049180327868853,6,True,5,1,6,18.4,5.4,0.0,0,11.5,-0.805573770491808,-3.644590163934428,-25.341530054644807,-0.9786885245901651,0.0,0.0,0.0,0,0.0
2026-05-31,2026-06-01,18.3805687320486,28.935658579538117,0.6352220628234272,7,0,0,0,1.0,0,6.0,24.0,4103.506514316349,6152.791160441123,0.0,0.4482758620689655,0.5666666666666667,0,True,6,2,7,21.7,6.7,0.0,0,10.0,2.3514754098360626,-2.4521311475409826,-25.136612021857925,-2.4747540983606555,0.0,0.0,0.0,1,5.0
2026-06-01,2026-06-02,15.035426549036451,27.28492350508721,0.5510525454188329,8,1,1,0,1.0,0,6.0,25.0,3817.879885737262,5932.667632134838,5.0,0.5172413793103449,0.5806451612903226,1,True,6,2,8,27.5,9.4,0.0,0,9.5,8.040655737704917,0.13245901639344382,-25.19125683060109,-3.0062295081967214,0.0,0.0,0.0,1,50.0
2026-06-02,2026-06-03,23.776569911777337,28.851480504736365,0.8241022469496526,0,2,1,1,2.0,1,6.0,26.0,5132.909914302947,6149.587105780711,50.0,0.5517241379310345,0.59375,2,True,6,2,9,19.9,14.1,4.166666666666666,1,16.3,0.34327868852459176,4.737704918032787,-21.051912568306008,3.792459016393442,0.0,0.0,0.0,1,84.0
2026-06-03,2026-06-04,38.832427433833004,32.65482667682351,1.189178794857729,0,3,1,1,2.0,1,6.0,26.0,6568.182435727211,6475.408684692386,84.0,0.5227272727272727,0.6060606060606061,3,True,6,2,10,18.1,12.0,12.5,1,16.0,-1.5796721311475395,2.5308196721311464,-12.527322404371585,3.517377049180329,0.0,28.57142857142857,0.0,1,2.0
2026-06-04,2026-06-05,29.624320575374753,30.540700699111543,0.9699947904678085,1,4,1,0,2.0,1,6.0,26.0,5248.386826795408,6117.725327127393,2.0,0.5795454545454546,0.6176470588235294,4,True,6,2,11,16.7,10.2,25.0,1,20.6,-3.1521311475409846,0.6301639344262284,0.792349726775953,8.186229508196721,0.0,42.857142857142854,60.0,1,38.0
2026-06-05,2026-06-06,31.718240431531065,31.055135133655572,1.021352516903295,2,5,1,0,2.0,1,6.0,26.0,5946.290120096555,6250.295994222055,38.0,0.48863636363636365,0.6285714285714286,5,True,6,2,12,14.1,7.7,66.66666666666666,1,12.0,-5.94163934426229,-1.9626229508196724,43.155737704918025,-0.32655737704918053,75.0,100.0,80.0,0,0.0
2026-06-06,2026-06-07,23.7886803236483,28.913401676162085,0.8227561941720989,3,0,0,0,1.0,0,5.0,25.0,4800.967590072416,5913.379029103293,0.0,0.29545454545454547,0.6111111111111112,6,True,6,2,13,16.3,7.5,16.666666666666664,1,12.6,-3.930163934426229,-2.2750819672131133,-6.0792349726776,0.3934426229508201,0.0,57.14285714285714,0.0,0,0.0
2026-06-07,2026-06-08,17.841510242736227,26.919373974357804,0.6627758230830797,4,0,0,0,0.0,0,5.0,24.0,3600.725692554312,5505.559785716859,0.0,0.45454545454545453,0.5945945945945946,0,True,6,2,14,15.8,7.1,45.83333333333333,1,10.9,-4.575737704918033,-2.8059016393442633,22.950819672131146,-1.2937704918032775,0.0,42.857142857142854,100.0,1,32.0
2026-06-08,2026-06-09,21.38113268205217,27.26976197612623,0.7840601139375781,5,1,1,0,1.0,0,5.0,24.0,4603.794269415734,5650.9004901501785,32.0,0.5227272727272727,0.6052631578947368,1,False,6,2,15,16.5,10.6,62.5,1,26.6,-4.018032786885247,0.5655737704918025,39.76775956284153,14.43377049180328,100.0,28.57142857142857,40.0,1,7.0
2026-06-09,2026-06-10,17.785849511539126,25.87184735708304,0.6874595874836059,6,2,1,0,2.0,1,5.0,25.0,4328.845702061801,5502.838387381201,7.0,0.5568181818181818,0.6153846153846154,2,False,6,2,16,17.6,9.7,29.166666666666668,1,12.6,-2.9977049180327846,-0.46918032786885355,6.311475409836067,0.43967213114754067,75.0,57.14285714285714,0.0,1,25.0
2026-06-10,2026-06-11,19.589387133654345,25.81171995314628,0.7589338164683801,7,3,1,0,2.0,1,5.0,25.0,5109.1342765463505,5637.125395148014,25.0,0.5280898876404494,0.625,3,False,6,2,17,21.0,7.6,0.0,0,11.1,0.33803278688524685,-2.6852459016393446,-22.841530054644807,-1.0688524590163944,0.0,0.0,0.0,1,52.0
2026-06-11,2026-06-12,27.69204035024076,27.61780823223964,1.0026878352321407,0,4,1,1,2.0,1,5.0,25.0,5917.600707409763,5823.737436861944,52.0,0.5842696629213483,0.6341463414634146,4,False,6,2,18,21.6,9.0,0.0,0,13.0,0.8721311475409834,-1.3668852459016403,-22.500000000000004,0.878032786885246,0.0,0.0,0.0,1,29.0
2026-06-12,2026-06-13,28.01903026268057,27.71313180243001,1.0110380328874897,1,5,1,0,2.0,1,5.0,25.0,6823.950530557322,6080.238303285258,29.0,0.48314606741573035,0.6428571428571429,5,False,6,2,19,25.6,10.2,0.0,0,13.5,4.809836065573773,-0.25377049180328015,-22.25409836065574,1.3878688524590164,0.0,0.0,0.0,0,0.0
2026-06-13,2026-06-14,21.014272697010426,25.801881333296905,0.8144473042704778,2,0,0,0,1.0,0,5.0,24.0,5117.9628979179915,5660.911523748343,0.0,0.29213483146067415,0.627906976744186,6,False,6,2,20,28.5,12.3,0.0,0,12.5,7.626557377049181,1.7931147540983599,-21.88524590163934,0.4193442622950805,0.0,0.0,0.0,1,59.0
2026-06-14,2026-06-15,30.51070452275782,28.09140675858677,1.0861223428560243,0,1,1,1,1.0,0,6.0,25.0,5653.472173438494,5771.193487627767,59.0,0.4606741573033708,0.6363636363636364,0,False,6,2,21,30.2,14.2,0.0,0,18.1,9.240327868852457,3.644262295081967,-21.50273224043716,6.046885245901642,0.0,0.0,0.0,1,7.0
2026-06-15,2026-06-16,24.633028392068365,26.63682698213251,0.9247733751693377,1,2,1,0,2.0,1,6.0,26.0,5802.35413007887,5804.145660894818,7.0,0.5280898876404494,0.6444444444444445,1,True,6,2,22,22.9,13.4,0.0,0,19.1,1.8760655737704894,2.773114754098362,-21.420765027322407,7.069836065573771,0.0,0.0,0.0,1,23.0
2026-06-16,2026-06-17,24.224771294051273,26.38601132819234,0.9180914459840366,2,3,1,0,2.0,1,6.0,26.0,6451.265597559152,5983.032167040003,23.0,0.5617977528089888,0.6521739130434783,2,True,6,2,23,22.3,10.7,0.0,0,9.2,1.1770491803278702,-0.013770491803278162,-21.202185792349724,-2.764262295081968,0.0,0.0,0.0,1,30.0
2026-06-17,2026-06-18,25.668578470538456,26.635251926248042,0.9637069903304738,3,4,1,0,2.0,1,6.0,26.0,6800.6991981693645,6111.719603795864,30.0,0.5333333333333333,0.6595744680851063,3,True,6,2,24,24.0,10.7,0.0,0,10.6,2.765245901639343,-0.08459016393442731,-20.69672131147541,-1.28360655737705,0.0,0.0,0.0,1,29.0
2026-06-18,2026-06-19,26.501433852903844,26.7983380002999,0.988920799961821,4,5,1,0,2.0,1,6.0,26.0,7086.774398627023,6238.152734568563,29.0,0.5888888888888889,0.6666666666666666,4,True,6,2,25,26.6,12.9,0.0,0,10.4,5.179344262295086,2.0370491803278696,-20.204918032786885,-1.4698360655737712,0.0,0.0,0.0,0,0.0
2026-06-19,2026-06-20,19.876075389677883,24.950176758899907,0.7966306444136891,5,0,0,0,1.0,0,5.0,25.0,5315.080798970268,5807.935304598317,0.0,0.4777777777777778,0.6530612244897959,5,True,6,2,26,21.2,12.2,16.666666666666664,1,14.4,-0.38557377049180275,1.231803278688524,-3.1830601092896167,2.5272131147540993,25.0,42.857142857142854,0.0,1,147.0
2026-06-20,2026-06-21,51.65705654225842,33.36740594794129,1.5481292319472488,0,1,1,1,1.0,0,6.0,25.0,6950.8105992277015,6225.181145660503,147.0,0.3,0.66,6,True,6,2,0,23.7,10.3,0.0,0,9.2,1.9400000000000013,-0.7740983606557386,-19.4672131147541,-2.655081967213116,0.0,0.0,0.0,1,4.0
2026-06-21,2026-06-22,39.74279240669381,31.34206760670396,1.2680335230402273,1,2,1,0,2.0,1,6.0,25.0,7428.607949420776,6407.030721821847,4.0,0.4666666666666667,0.6666666666666666,0,True,6,2,1,26.9,11.4,0.0,0,11.3,4.965245901639342,0.20754098360655782,-18.94808743169399,-0.5459016393442617,0.0,0.0,0.0,1,34.0
2026-06-22,2026-06-23,38.30709430502036,31.52537328900024,1.215119451682635,2,3,1,0,2.0,1,6.0,25.0,9029.705962065582,6919.166534109995,34.0,0.5333333333333333,0.6730769230769231,1,True,6,2,0,29.6,14.9,0.0,0,10.0,7.540983606557379,3.623934426229509,-18.60655737704918,-1.8124590163934435,0.0,0.0,0.0,1,3.0
2026-06-23,2026-06-24,29.480320728765268,29.558106165620913,0.997368389015866,3,4,1,0,2.0,1,6.0,25.0,7131.029471549186,6540.948152447237,3.0,0.5666666666666667,0.6792452830188679,2,True,6,2,1,30.0,15.1,0.0,0,15.0,7.810163934426232,3.7380327868852454,-18.346994535519126,3.165573770491804,0.0,0.0,0.0,0,0.0
2026-06-24,2026-06-25,22.11024054657395,27.519616085233263,0.8034356467072254,4,0,0,0,1.0,0,5.0,24.0,5348.27210366189,6089.848279864668,0.0,0.5384615384615384,0.6666666666666666,3,True,6,2,2,19.2,12.6,8.333333333333332,1,11.2,-3.091803278688527,1.1688524590163922,-9.863387978142079,-0.6501639344262315,0.0,14.285714285714285,20.0,1,28.0
2026-06-25,2026-06-26,23.582680409930465,27.552746010389587,0.8559103474128462,5,1,1,0,1.0,0,5.0,24.0,6487.204077746417,6352.893226080898,28.0,0.5824175824175825,0.6727272727272727,4,True,6,2,3,17.8,12.9,50.0,1,17.3,-4.6190163934426245,1.4055737704918023,32.18579234972678,5.478360655737706,100.0,100.0,0.0,1,6.0
2026-06-26,2026-06-27,19.18701030744785,26.066349733810995,0.7360835139321458,6,2,1,0,2.0,1,6.0,24.0,5894.653058309813,6198.693693247733,6.0,0.4835164835164835,0.6785714285714286,5,True,6,2,4,,,,0,,,,,,,,,1,4.0
2026-06-27,2026-06-28,15.390257730585887,24.544532510789544,0.6270340542774843,7,3,1,0,2.0,1,6.0,24.0,4809.989793732359,5878.507921299613,4.0,0.3076923076923077,0.6842105263157895,6,True,6,2,5,19.0,11.0,20.833333333333336,1,10.9,-3.7901639344262286,-0.6406557377049165,4.002732240437162,-0.8593442622950818,0.0,57.14285714285714,20.0,0,0.0
2026-06-28,2026-06-29,11.542693297939415,22.851806130735092,0.5051107659457512,8,0,0,0,1.0,0,5.0,23.0,3607.49234529927,5473.0935818996395,0.0,0.4725274725274725,0.6724137931034483,0,True,6,2,6,17.6,12.2,20.833333333333336,1,10.4,-5.3468852459016425,0.45770491803278546,4.590163934426233,-1.3531147540983604,25.0,57.14285714285714,0.0,1,3.0
2026-06-29,2026-06-30,9.407019973454561,21.48271605275336,0.43788783272815723,9,1,1,0,1.0,0,5.0,23.0,3063.3692589744524,5194.328507285872,3.0,0.5384615384615384,0.6779661016949152,1,True,6,2,7,16.0,12.3,20.833333333333336,1,11.3,-7.122950819672127,0.45803278688524784,4.849726775956286,-0.4432786885245896,25.0,57.14285714285714,0.0,1,42.0
2026-06-30,2026-07-01,17.55526498009092,22.897701152563474,0.7666824220965759,0,2,1,1,2.0,1,5.0,24.0,4813.776944230839,5530.236886093742,42.0,0.5604395604395604,0.3870967741935484,2,True,7,2,8,17.6,10.9,0.0,0,9.6,-5.676065573770494,-1.0554098360655733,-15.806010928961747,-2.135737704918032,0.0,0.0,0.0,1,53.0
2026-07-01,2026-07-02,26.41644873506819,24.97372176273151,1.0577698024364823,0,3,1,1,2.0,1,6.0,24.0,5804.8327081731295,5754.22054912176,53.0,0.5434782608695652,0.40625,3,True,7,2,9,19.0,11.7,29.166666666666668,1,12.3,-4.402622950819673,-0.38163934426229496,13.60655737704918,0.5770491803278688,0.0,28.57142857142857,40.0,1,5.0
2026-07-02,2026-07-03,21.062336551301144,23.596223710129337,0.8926147170854101,1,4,1,0,2.0,1,6.0,24.0,4989.874531129847,5532.894994009915,5.0,0.5869565217391305,0.42424242424242425,4,True,7,2,10,21.6,13.9,29.166666666666668,1,13.1,-1.895409836065575,1.7540983606557372,13.688524590163933,1.4022950819672122,25.0,42.857142857142854,0.0,0,0.0
2026-07-03,2026-07-04,15.796752413475858,21.96889793701697,0.7190507443188026,2,0,0,0,1.0,0,5.0,23.0,5615.655898347385,5668.074649595437,0.0,0.4891304347826087,0.4117647058823529,5,True,7,2,11,21.6,12.2,4.166666666666666,1,14.2,-2.038360655737705,-0.00754098360655675,-10.792349726775956,2.571803278688524,0.0,14.285714285714285,0.0,0,0.0
2026-07-04,2026-07-05,11.847564310106893,20.45380152756752,0.5792353218123688,3,0,0,0,0.0,0,4.0,22.0,4211.741923760539,5277.172949623338,0.0,0.30434782608695654,0.4,6,True,7,2,12,22.5,10.8,0.0,0,11.7,-1.2577049180327862,-1.4806557377049163,-14.617486338797812,0.12950819672131075,0.0,0.0,0.0,0,0.0
2026-07-05,2026-07-06,8.88567323258017,19.043194525666312,0.4666062314599638,4,0,0,0,0.0,0,4.0,21.0,3158.8064428204043,4913.229987580349,0.0,0.4782608695652174,0.3888888888888889,0,True,7,2,13,27.0,11.1,0.0,0,11.0,3.090491803278688,-1.2563934426229508,-13.866120218579235,-0.4655737704918028,0.0,0.0,0.0,0,0.0
2026-07-06,2026-07-07,6.664254924435128,17.729870765275532,0.3758772420094153,5,0,0,0,0.0,0,3.0,21.0,2369.104832115303,4574.386540161015,0.0,0.5434782608695652,0.3783783783783784,1,False,7,2,14,23.7,12.0,0.0,0,14.5,-0.3570491803278699,-0.45442622950819533,-13.688524590163935,3.02983606557377,0.0,0.0,0.0,1,47.0
2026-07-07,2026-07-08,16.748191193326345,19.748500367670324,0.8480740755761033,0,1,1,1,1.0,0,3.0,22.0,4150.078624086477,4913.60126152922,47.0,0.5652173913043478,0.39473684210526316,2,False,7,2,15,21.3,12.8,0.0,0,12.8,-2.808524590163934,0.25639344262295083,-13.60655737704918,1.3167213114754102,0.0,0.0,0.0,1,65.0
2026-07-08,2026-07-09,28.811143394994758,22.869293445762025,1.2598178191785734,0,2,1,1,2.0,1,3.0,22.0,5511.558968064858,5236.52531245824,65.0,0.5483870967741935,0.41025641025641024,3,False,7,2,0,24.2,11.2,0.0,0,12.9,0.0009836065573729513,-1.4124590163934432,-13.346994535519125,1.4114754098360667,0.0,0.0,0.0,1,9.0
2026-07-09,2026-07-10,23.85835754624607,21.912790449502573,1.0887868252665949,1,3,1,0,2.0,1,3.0,22.0,5185.669226048643,5165.592532288705,9.0,0.5806451612903226,0.425,4,False,7,2,1,24.6,12.6,0.0,0,15.3,0.2672131147540995,-0.0793442622950824,-13.128415300546447,3.8475409836065584,0.0,0.0,0.0,0,0.0
2026-07-10,2026-07-11,17.89376815968455,20.40156352195067,0.8770782759092015,2,0,0,0,1.0,0,3.0,21.0,3889.2519195364825,4809.344771441208,0.0,0.4838709677419355,0.4146341463414634,5,False,7,2,2,23.0,12.5,0.0,0,16.6,-1.4380327868852483,-0.23442622950819647,-12.45901639344262,5.149508196721314,0.0,0.0,0.0,1,532.0
2026-07-11,2026-07-12,146.42032611976342,55.68421431354028,2.629476377188635,0,1,1,1,1.0,0,4.0,21.0,10910.688939652362,6682.838235479745,532.0,0.3010752688172043,0.42857142857142855,6,False,7,2,0,21.3,12.8,20.833333333333336,1,15.4,-3.2521311475409824,0.020327868852460185,8.797814207650276,3.955081967213115,75.0,0.0,0.0,0,0.0
2026-07-12,2026-07-13,109.81524458982256,51.84392367122716,2.1181893038464,1,0,0,0,1.0,0,4.0,20.0,8183.0167047392715,6221.952839929418,0.0,0.4731182795698925,0.4186046511627907,0,False,7,2,1,24.6,9.4,0.0,0,12.1,-0.053442622950818475,-3.431147540983604,-11.448087431693988,0.6570491803278689,0.0,0.0,0.0,1,3.0
2026-07-13,2026-07-14,83.11143344236692,48.47537721114252,1.714508235394669,2,1,1,0,1.0,0,5.0,21.0,6542.262528554454,5904.576782003251,3.0,0.5483870967741935,0.4318181818181818,1,True,7,2,2,27.7,11.3,0.0,0,10.8,2.8999999999999986,-1.5934426229508194,-10.669398907103824,-0.6029508196721292,0.0,0.0,0.0,1,31.0
2026-07-14,2026-07-15,70.0835750817752,47.270178782787866,1.4826170936187404,3,2,1,0,2.0,1,5.0,21.0,7316.1968964158405,6162.054245313371,31.0,0.5698924731182796,0.4444444444444444,2,True,7,2,3,27.2,12.8,0.0,0,11.8,2.254426229508198,-0.16918032786885107,-10.150273224043715,0.43573770491803465,0.0,0.0,0.0,1,2.0
2026-07-15,2026-07-16,53.062681311331396,44.148097487423186,1.2019245297364802,4,3,1,0,2.0,1,5.0,21.0,5829.14767231188,5831.429814602104,2.0,0.5531914893617021,0.45652173913043476,3,True,7,2,4,20.2,13.3,33.33333333333333,1,13.1,-4.905573770491802,0.2554098360655743,23.62021857923497,1.7724590163934426,0.0,71.42857142857143,60.0,1,28.0
2026-07-16,2026-07-17,46.797010983498545,43.03443559173883,1.0874317355397594,5,4,1,0,2.0,1,5.0,21.0,6711.3607542339105,6074.641551526097,28.0,0.574468085106383,0.46808510638297873,4,True,7,2,5,21.2,14.2,12.5,1,7.9,-4.071803278688524,1.088852459016394,3.3469945355191264,-3.380000000000001,50.0,14.285714285714285,0.0,1,35.0
2026-07-17,2026-07-18,43.84775823762391,42.48033658541201,1.0321895201904185,6,5,1,0,2.0,1,6.0,21.0,7666.020565675433,6381.907651420848,35.0,0.48936170212765956,0.4791666666666667,5,True,7,2,6,,,,0,,,,,,,,,1,12.0
2026-07-18,2026-07-19,35.88581867821793,40.378244407107736,0.8887414300731953,7,6,1,0,2.0,1,6.0,21.0,6106.515424256575,6040.258847874582,12.0,0.2978723404255319,0.4897959183673469,6,True,7,2,7,24.4,12.0,0.0,0,12.6,-1.2193442622950812,-1.277049180327868,-8.087431693989071,1.341639344262294,0.0,0.0,0.0,0,0.0
2026-07-19,2026-07-20,26.914364008663448,37.59353789627272,0.7159305964478517,8,0,0,0,1.0,0,6.0,21.0,4579.886568192431,5623.689272159093,0.0,0.4787234042553192,0.48,0,True,7,2,8,28.1,12.5,0.0,0,7.3,2.381311475409838,-0.8737704918032794,-8.032786885245901,-3.982950819672131,0.0,0.0,0.0,1,54.0
2026-07-20,2026-07-21,33.685773006497584,38.72501804135736,0.8698710732819288,0,1,1,1,1.0,0,6.0,21.0,5937.4149261443235,5926.193460286052,54.0,0.5531914893617021,0.49019607843137253,1,True,7,2,9,32.1,15.8,0.0,0,9.4,6.330163934426231,2.3675409836065597,-7.663934426229508,-1.9009836065573769,0.0,0.0,0.0,1,8.0
2026-07-21,2026-07-22,27.264329754873188,36.60605127988443,0.7448038999457814,1,2,1,0,2.0,1,6.0,21.0,5571.561194608243,5826.042187162876,8.0,0.574468085106383,0.5,2,True,7,2,10,33.0,16.8,4.166666666666666,1,16.3,7.236393442622951,3.308196721311477,-3.633879781420765,5.017049180327868,0.0,0.0,0.0,1,92.0
2026-07-22,2026-07-23,43.44824731615489,40.42632360540964,1.0747513857614515,0,3,1,1,2.0,1,6.0,21.0,8511.420895956182,6619.487553565436,92.0,0.5578947368421052,0.5094339622641509,3,True,7,2,0,23.8,16.0,33.33333333333333,1,15.4,-1.9462295081967227,2.4760655737704944,25.191256830601088,4.085901639344263,0.0,71.42857142857143,0.0,1,27.0
2026-07-23,2026-07-24,39.33618548711617,39.50037025331242,0.9958434626019111,1,4,1,0,2.0,1,6.0,21.0,8944.815671967137,6869.5228946988545,27.0,0.5789473684210527,0.5185185185185185,4,True,7,2,1,26.4,14.1,0.0,0,11.7,0.6672131147540981,0.5583606557377045,-8.456284153005464,0.3636065573770484,0.0,0.0,0.0,1,49.0
2026-07-24,2026-07-25,41.75213911533713,40.15551713239432,1.0397609618045431,0,5,1,1,2.0,1,6.0,22.0,10001.611753975352,7304.176488167899,49.0,0.49473684210526314,0.5272727272727272,5,True,7,2,0,21.8,13.9,12.5,1,15.7,-3.9403278688524566,0.3577049180327876,3.7978142076502746,4.388524590163936,0.0,42.857142857142854,0.0,1,12.0
2026-07-25,2026-07-26,34.31410433650285,38.213757330160234,0.8979515947629787,1,6,1,0,2.0,1,6.0,22.0,7889.458815481514,6907.54362691494,12.0,0.29473684210526313,0.5357142857142857,6,True,7,2,1,22.4,15.8,58.333333333333336,1,13.5,-3.333442622950823,2.2583606557377056,49.4672131147541,2.201967213114756,75.0,71.42857142857143,60.0,1,22.0
2026-07-26,2026-07-27,31.235578252377138,37.09556716945952,0.8420299414667836,2,7,1,0,2.0,1,7.0,22.0,7423.344111611135,6846.678549196668,22.0,0.4842105263157895,0.543859649122807,0,True,7,2,2,25.6,13.5,0.0,0,11.0,-0.04721311475409706,-0.04983606557376952,-9.125683060109289,-0.31049180327868875,0.0,0.0,0.0,1,26.0
2026-07-27,2026-07-28,29.926683689282854,36.33035564053128,0.823737702581026,3,8,1,0,2.0,1,7.0,22.0,7839.5080837083515,7001.252442355519,26.0,0.5578947368421052,0.5517241379310345,1,True,7,2,3,22.9,15.2,12.5,1,17.3,-2.6596721311475413,1.6685245901639334,3.196721311475409,6.0563934426229515,0.0,28.57142857142857,20.0,1,8.0
2026-07-28,2026-07-29,24.44501276696214,34.37653801014981,0.7110958281995893,4,9,1,0,2.0,1,7.0,23.0,7374.131062781264,6930.683308399965,8.0,0.5789473684210527,0.559322033898305,2,True,7,2,4,23.3,10.8,0.0,0,11.5,-2.241639344262296,-2.6875409836065565,-8.825136612021858,0.2845901639344266,0.0,0.0,0.0,1,30.0
2026-07-29,2026-07-30,25.833759575221606,34.07470780255327,0.7581505826819106,5,10,1,0,2.0,1,7.0,23.0,7934.348297085948,7115.80859747583,30.0,0.5625,0.5666666666666667,3,True,7,2,5,24.6,11.1,0.0,0,11.0,-0.9281967213114761,-2.352131147540982,-8.838797814207648,-0.1737704918032783,0.0,0.0,0.0,1,78.0
2026-07-30,2026-07-31,38.8753196814162,37.104038298928906,1.0477382372295154,0,11,1,1,2.0,1,7.0,23.0,9861.76122281446,7703.959728684393,78.0,0.5833333333333334,0.5737704918032787,4,True,7,2,0,28.0,12.1,0.0,0,13.6,2.4970491803278705,-1.3442622950819683,-9.030054644808743,2.428524590163935,0.0,0.0,0.0,1,6.0
2026-07-31,2026-08-01,30.65648976106215,34.9589322093476,0.8769286652543973,1,12,1,0,2.0,1,7.0,23.0,8101.070917110846,7367.065954292366,6.0,0.5,0.6129032258064516,5,True,8,2,1,22.6,14.3,29.166666666666668,1,22.5,-2.909180327868853,0.8731147540983617,20.30054644808743,11.344590163934425,0.0,42.857142857142854,20.0,0,0.0
2026-08-01,2026-08-02,22.992367320796614,32.547971367323626,0.7064147581215979,2,0,0,0,1.0,0,6.0,22.0,6075.803187833134,6858.992440203237,0.0,0.3020833333333333,0.59375,6,True,8,2,2,20.3,12.2,50.0,1,16.7,-5.2386885245901595,-1.2019672131147559,41.47540983606557,5.596393442622951,75.0,85.71428571428571,0.0,0,0.0
2026-08-02,2026-08-03,17.24427549059746,30.30328368681855,0.5690563329312872,3,0,0,0,0.0,0,5.0,22.0,4556.85239087485,6385.95847880991,0.0,0.4895833333333333,0.5757575757575758,0,True,8,2,3,23.9,9.0,0.0,0,11.7,-1.706885245901642,-4.4088524590163924,-8.169398907103824,0.6370491803278693,0.0,0.0,0.0,1,3.0
2026-08-03,2026-08-04,13.683206617948095,28.420298604968995,0.4814589321575857,4,1,1,0,1.0,0,5.0,23.0,3829.8892931561377,6059.271687167847,3.0,0.5625,0.5882352941176471,1,False,8,2,4,27.1,11.0,0.0,0,11.5,1.508196721311478,-2.4085245901639336,-8.210382513661202,0.4052459016393435,0.0,0.0,0.0,1,40.0
2026-08-04,2026-08-05,20.262404963461073,29.218898701178027,0.6934691540117542,5,2,1,0,2.0,1,5.0,24.0,5419.416969867103,6344.011570811443,40.0,0.5833333333333334,0.6,2,False,8,2,5,28.7,12.5,0.0,0,8.6,3.139999999999997,-0.9137704918032785,-8.37431693989071,-2.5232786885245915,0.0,0.0,0.0,1,3.0
2026-08-05,2026-08-06,15.946803722595805,27.410698790751955,0.5817729728209653,6,3,1,0,2.0,1,5.0,25.0,6339.812727400327,6534.148703858929,3.0,0.5670103092783505,0.6111111111111112,3,False,8,2,6,29.1,13.6,0.0,0,8.9,3.581639344262296,0.18852459016393475,-8.387978142076502,-2.2203278688524595,0.0,0.0,0.0,1,88.0
2026-08-06,2026-08-07,33.96010279194685,31.58927128794147,1.0750517947183666,0,4,1,1,2.0,1,5.0,25.0,7162.1095455502455,6747.5867242824515,88.0,0.5876288659793815,0.6216216216216216,4,False,8,2,7,29.0,13.0,0.0,0,10.7,3.469508196721314,-0.3983606557377044,-8.26502732240437,-0.40622950819672,0.0,0.0,0.0,0,0.0
2026-08-07,2026-08-08,25.47007709396014,29.410700854290337,0.866013945745351,1,0,0,0,1.0,0,4.0,24.0,5371.582159162685,6282.235915711248,0.0,0.4948453608247423,0.6052631578947368,5,False,8,2,8,27.1,14.1,0.0,0,11.4,1.5422950819672145,0.7078688524590149,-7.923497267759564,0.32163934426229623,0.0,0.0,0.0,0,0.0
2026-08-08,2026-08-09,19.102557820470103,27.382376657442727,0.6976223451837549,2,0,0,0,0.0,0,4.0,23.0,4028.6866193720134,5848.978266351851,0.0,0.29896907216494845,0.5897435897435898,6,False,8,2,9,24.3,12.2,0.0,0,12.5,-1.2498360655737706,-1.1911475409836072,-7.923497267759564,1.3980327868852456,0.0,0.0,0.0,1,5.0
2026-08-09,2026-08-10,15.576918365352578,25.838764474170816,0.6028507431508082,3,1,1,0,1.0,0,5.0,24.0,3833.0149645290103,5669.462523844826,5.0,0.4948453608247423,0.6,0,False,8,2,10,23.6,11.3,0.0,0,11.8,-1.963606557377048,-2.057704918032785,-7.704918032786885,0.6711475409836059,0.0,0.0,0.0,1,37.0
2026-08-10,2026-08-11,20.932688774014434,26.608504855262485,0.7866916569675083,4,2,1,0,2.0,1,5.0,24.0,4818.2612233967575,5814.603039441735,37.0,0.5670103092783505,0.6097560975609756,1,True,8,2,11,25.0,12.1,0.0,0,12.6,-0.5665573770491825,-1.2445901639344275,-7.800546448087431,1.4875409836065572,0.0,0.0,0.0,1,42.0
2026-08-11,2026-08-12,26.199516580510824,27.669987279037485,0.9468568350358196,0,3,1,1,2.0,1,5.0,25.0,6010.945917547568,6074.906278100925,42.0,0.5876288659793815,0.6190476190476191,2,True,8,2,12,24.4,12.9,4.166666666666666,1,11.5,-1.1439344262295101,-0.4550819672131148,-3.729508196721312,0.42098360655737643,0.0,14.285714285714285,0.0,1,32.0
2026-08-12,2026-08-13,27.64963743538312,27.968608846000418,0.9885953780406597,1,4,1,0,2.0,1,5.0,25.0,6669.459438160676,6252.154120990517,32.0,0.5714285714285714,0.627906976744186,3,True,8,2,13,26.8,13.3,0.0,0,8.7,1.3144262295081965,-0.054426229508196755,-8.114754098360656,-2.3331147540983608,0.0,0.0,0.0,0,0.0
2026-08-13,2026-08-14,20.737228076537342,26.03973927041418,0.7963684989771982,2,0,0,0,1.0,0,4.0,24.0,5002.094578620507,5820.971078163585,0.0,0.5816326530612245,0.6136363636363636,4,True,8,2,14,26.8,13.4,0.0,0,11.9,1.3839344262295086,0.04622950819672056,-8.292349726775956,0.8940983606557378,0.0,0.0,0.0,0,0.0
2026-08-14,2026-08-15,15.552921057403006,24.24389518279941,0.6415190686205208,3,0,0,0,0.0,0,4.0,23.0,3751.57093396538,5419.524796910924,0.0,0.4897959183673469,0.6,5,True,8,2,15,24.8,14.2,8.333333333333332,1,7.6,-0.5318032786885247,0.8724590163934423,-0.08196721311475486,-3.39016393442623,0.0,0.0,40.0,0,0.0
2026-08-15,2026-08-16,11.664690793052255,22.571902411571863,0.5167792497220862,4,0,0,0,0.0,0,4.0,22.0,2813.678200474035,5045.764466089481,0.0,0.30612244897959184,0.5869565217391305,6,True,8,2,16,23.1,15.9,0.0,0,10.3,-2.177377049180329,2.597377049180327,-8.743169398907101,-0.677377049180329,0.0,0.0,0.0,1,8.0
2026-08-16,2026-08-17,10.74851809478919,21.566943624566907,0.49837929202659725,5,1,1,0,1.0,0,4.0,22.0,3347.0086503555262,5038.953123600551,8.0,0.5,0.5957446808510638,0,True,8,2,17,25.1,12.5,0.0,0,9.2,-0.11967213114753861,-0.7531147540983607,-8.920765027322403,-1.7770491803278698,0.0,0.0,0.0,0,0.0
2026-08-17,2026-08-18,8.061388571091893,20.079568202182983,0.40147220746587,6,0,0,0,1.0,0,3.0,21.0,2510.2564877666446,4691.439115076375,0.0,0.5714285714285714,0.5833333333333334,1,True,8,2,18,26.3,13.6,0.0,0,8.8,1.1560655737704906,0.38688524590163986,-8.989071038251366,-2.1685245901639334,0.0,0.0,0.0,0,0.0
2026-08-18,2026-08-19,6.04604142831892,18.69477039513588,0.3234081671252842,7,0,0,0,0.0,0,2.0,21.0,1882.6923658249834,4367.891589898693,0.0,0.5918367346938775,0.5714285714285714,2,True,8,2,19,26.3,13.0,0.0,0,8.1,1.2908196721311462,-0.18360655737704867,-9.426229508196721,-2.902295081967212,0.0,0.0,0.0,0,0.0
2026-08-19,2026-08-20,4.53453107123919,17.40547588512651,0.2605232457398123,8,0,0,0,0.0,0,1.0,20.0,1412.0192743687376,4066.6576871470593,0.0,0.5656565656565656,0.56,3,True,8,2,20,28.3,12.4,0.0,0,8.3,3.4131147540983626,-0.7360655737704906,-10.040983606557377,-2.716065573770491,0.0,0.0,0.0,0,0.0
2026-08-20,2026-08-21,3.4008983034293925,16.205098237876406,0.20986594795707098,9,0,0,0,0.0,0,1.0,19.0,1059.0144557765532,3786.198536309331,0.0,0.5757575757575758,0.5490196078431373,4,True,8,2,21,28.0,13.8,0.0,0,12.4,3.233770491803277,0.7196721311475418,-10.655737704918034,1.3940983606557378,0.0,0.0,0.0,0,0.0
2026-08-21,2026-08-22,2.550673727572044,15.087505255953895,0.16905868029875162,10,0,0,0,0.0,0,1.0,18.0,794.2608418324148,3525.0813958742046,0.0,0.48484848484848486,0.5384615384615384,5,True,8,2,22,,,,0,,,,,,,,,1,11.0
2026-08-22,2026-08-23,4.663005295679033,14.805608341750178,0.31494857813642646,11,1,1,0,1.0,0,2.0,18.0,1779.1956313743112,3608.4550927104665,11.0,0.31313131313131315,0.5471698113207547,6,True,8,2,23,,,,0,,,,,,,,,1,11.0
2026-08-23,2026-08-24,6.2472539717592745,14.543152594043269,0.4295666934223112,12,2,1,0,2.0,1,2.0,18.0,2460.6467235307337,3670.2857759718136,11.0,0.494949494949495,0.5555555555555556,0,True,8,2,24,26.3,11.4,0.0,0,12.5,1.7422950819672138,-1.5029508196721295,-11.03825136612022,1.6003278688524585,0.0,0.0,0.0,1,7.0
2026-08-24,2026-08-25,6.435440478819456,14.022935173764422,0.45892250082276304,13,3,1,0,2.0,1,3.0,18.0,2511.7350426480502,3600.955722456516,7.0,0.5656565656565656,0.5636363636363636,1,True,8,2,25,30.0,12.7,0.0,0,14.2,5.509180327868851,-0.17901639344262144,-11.17486338797814,3.294426229508197,0.0,0.0,0.0,1,236.0
2026-08-25,2026-08-26,63.826580359114594,29.331698265228944,2.176027442460683,0,4,1,1,2.0,1,4.0,18.0,7250.551281986038,4833.096707114687,236.0,0.5858585858585859,0.5714285714285714,2,True,8,2,0,25.5,13.3,0.0,0,9.8,1.1055555555555543,0.4555555555555575,-11.696623093681916,-1.1486928104575167,0.0,0.0,0.0,0,0.0
2026-08-26,2026-08-27,47.86993526933595,27.30882252279936,1.7529109953155504,1,0,0,0,1.0,0,4.0,17.0,5437.913461489528,4499.779692830915,0.0,0.56,0.5614035087719298,3,True,8,2,1,22.6,14.8,8.333333333333332,1,17.4,-1.6328990228013005,1.9990228013029334,-4.166666666666668,6.341693811074917,0.0,14.285714285714285,20.0,1,3.0
2026-08-27,2026-08-28,36.65245145200196,25.632352003985613,1.429929311453854,2,1,1,0,1.0,0,5.0,17.0,4506.185096117146,4307.450058842576,3.0,0.57,0.5689655172413793,4,True,8,2,2,21.7,14.7,4.166666666666666,1,11.9,-2.3407166123778502,1.9576547231270371,-9.351248642779588,0.7941368078175906,0.0,0.0,0.0,1,35.0
2026-08-28,2026-08-29,36.23933858900147,26.278396693365913,1.3790544001548708,3,2,1,0,2.0,1,6.0,17.0,5257.13882208786,4528.315572025847,35.0,0.49,0.576271186440678,5,True,8,2,3,18.2,12.6,70.83333333333334,1,10.8,-5.643322475570034,-0.06579804560260527,56.609663409337685,-0.3270358306188914,100.0,85.71428571428571,60.0,1,6.0
2026-08-29,2026-08-30,28.6795039417511,24.87988657658206,1.1527184359733131,4,3,1,0,2.0,1,6.0,17.0,4949.354116565895,4493.673118782685,6.0,0.32,0.5833333333333334,6,True,8,2,4,20.3,11.3,0.0,0,8.7,-3.370358306188926,-1.263192182410421,-14.223669923995658,-2.44299674267101,0.0,0.0,0.0,0,0.0
2026-08-30,2026-08-31,21.509627956313324,23.164032329921227,0.9285787400896134,5,0,0,0,1.0,0,5.0,16.0,3712.0155874244215,4183.764627832155,0.0,0.5,0.5737704918032787,0,True,8,2,5,23.9,10.0,0.0,0,12.3,0.38664495114006314,-2.4439739413680783,-14.305103148751355,1.1918566775244308,0.0,0.0,0.0,1,86.0
2026-08-31,2026-09-01,37.63222096723499,27.497547341650794,1.3685664579339814,0,1,1,1,1.0,0,5.0,17.0,4995.011690568316,4505.160170740282,86.0,0.57,0.45714285714285713,1,True,9,3,0,21.0,11.4,0.0,0,14.0,-2.3785016286644947,-0.8951140065146568,-14.305103148751355,2.9188925081433226,0.0,0.0,0.0,1,49.0
2026-09-01,2026-09-02,40.474165725426246,28.980475111192117,1.3966011795919564,0,2,1,1,2.0,1,5.0,18.0,6114.008767926237,4847.631883103021,49.0,0.58,0.4722222222222222,2,True,9,3,1,20.5,12.3,37.5,1,18.6,-2.7517915309446295,0.0957654723127046,23.032030401737245,7.533876221498373,0.0,28.57142857142857,60.0,1,5.0
2026-09-02,2026-09-03,31.605624294069685,27.326649241454728,1.1565861593496696,1,3,1,0,2.0,1,6.0,18.0,5216.506575944678,4687.381408406261,5.0,0.5643564356435643,0.4864864864864865,3,True,9,3,2,19.0,10.0,45.83333333333333,1,13.8,-4.10228013029316,-2.145928338762216,31.01248642779587,2.7439739413680773,100.0,42.857142857142854,80.0,1,6.0
2026-09-03,2026-09-04,25.204218220552264,25.855845845492333,0.9747976674662271,2,4,1,0,2.0,1,6.0,18.0,4923.379931958509,4643.010276792035,6.0,0.5742574257425742,0.5,4,True,9,3,3,19.9,10.2,29.166666666666668,1,9.8,-3.076547231270361,-1.8771986970684047,14.237242128121606,-1.213680781758958,75.0,14.285714285714285,60.0,1,65.0
2026-09-04,2026-09-05,35.1531636654142,28.55544268373424,1.231049507960812,0,5,1,1,2.0,1,6.0,18.0,7639.5349489688815,5411.630257702929,65.0,0.49504950495049505,0.5128205128205128,5,True,9,3,0,20.3,9.6,16.666666666666664,1,6.0,-2.513680781758957,-2.4074918566775256,1.384364820846903,-5.00586319218241,0.0,28.57142857142857,40.0,1,3.0
2026-09-05,2026-09-06,27.11487274906065,26.792998360718084,1.0120133769281483,1,6,1,0,2.0,1,6.0,18.0,6057.151211726661,5128.759205447554,3.0,0.31683168316831684,0.525,6,True,9,3,1,21.3,8.7,0.0,0,10.8,-1.38469055374593,-3.2087947882736163,-15.323018458197613,-0.16970684039087836,0.0,0.0,0.0,1,3.0
2026-09-06,2026-09-07,21.086154561795485,25.152101922047873,0.8383456232463716,2,7,1,0,2.0,1,7.0,19.0,5277.863408794996,4977.810294727033,3.0,0.504950495049505,0.5365853658536586,0,True,9,3,2,19.6,12.3,37.5,1,12.3,-3.0283387622149824,0.4739413680781759,22.36699239956569,1.3547231270358324,50.0,85.71428571428571,20.0,0,0.0
2026-09-07,2026-09-08,15.814615921346615,23.41747420328595,0.6753339742817994,3,0,0,0,1.0,0,6.0,19.0,3958.397556596247,4634.51303302172,0.0,0.5742574257425742,0.5238095238095238,1,True,9,3,3,22.2,8.8,0.0,0,11.1,-0.3065146579804576,-2.9403908794788265,-15.214440825190012,0.16742671009771826,0.0,0.0,0.0,1,32.0
2026-09-08,2026-09-09,19.86096194100996,24.009372534093814,0.8272170342147417,4,1,1,0,1.0,0,6.0,19.0,5037.298167447185,4885.512134192635,32.0,0.5841584158415841,0.5348837209302325,2,True,9,3,4,25.5,10.3,0.0,0,8.5,3.1416938110749157,-1.350488599348532,-15.241585233441912,-2.4563517915309454,0.0,0.0,0.0,1,28.0
2026-09-09,2026-09-10,21.89572145575747,24.284588221397687,0.9016303367443829,5,2,1,0,2.0,1,6.0,19.0,6046.223625585389,5174.30440080004,28.0,0.5686274509803921,0.5454545454545454,3,True,9,3,5,20.4,13.6,0.0,0,14.5,-1.8120521172638462,2.0566775244299684,-15.716612377850163,3.4980456026058615,0.0,0.0,0.0,0,0.0
2026-09-10,2026-09-11,16.421791091818104,22.60978903371509,0.726313326821864,6,0,0,0,1.0,0,5.0,18.0,4534.667719189041,4817.45582143452,0.0,0.5784313725490197,0.5333333333333333,4,True,9,3,6,19.2,12.5,0.0,0,11.4,-2.821172638436483,1.073615635179154,-16.395222584147664,0.37198697068403774,0.0,0.0,0.0,0,0.0
2026-09-11,2026-09-12,12.316343318863577,21.05049323828646,0.5850857354953904,7,0,0,0,0.0,0,4.0,17.0,3401.000789391781,4485.217488921794,0.0,0.5,0.5217391304347826,5,True,9,3,7,20.2,10.5,25.0,1,11.3,-1.639413680781761,-0.7853420195439753,8.224755700325733,0.25570032573289936,0.0,0.0,60.0,0,0.0
2026-09-12,2026-09-13,9.237257489147684,19.598735083921877,0.47131906470462015,8,0,0,0,0.0,0,3.0,17.0,2550.7505920438357,4175.892144858222,0.0,0.3235294117647059,0.5106382978723404,6,True,9,3,8,14.9,12.1,87.5,1,15.5,-6.785667752442995,0.9361563517915297,70.42616720955483,4.388273615635178,100.0,100.0,100.0,0,0.0
2026-09-13,2026-09-14,6.927943116860763,18.247098181582437,0.3796736910120551,9,0,0,0,0.0,0,2.0,17.0,1913.0629440328767,3887.899583143862,0.0,0.5,0.5,0,True,9,3,9,18.7,11.1,4.166666666666666,1,13.9,-2.8254071661237816,0.038110749185667814,-13.422909880564605,2.7429967426710107,25.0,0.0,0.0,1,12.0
2026-09-14,2026-09-15,8.195957337645572,17.816263824231925,0.4600267159547918,10,1,1,0,1.0,0,3.0,18.0,3362.2972080246573,4151.492715340837,12.0,0.5784313725490197,0.5102040816326531,1,False,9,3,10,18.8,10.2,8.333333333333332,1,9.5,-2.55700325732899,-0.7625407166123779,-9.636264929424541,-1.6657980456026067,50.0,0.0,0.0,1,17.0
2026-09-15,2026-09-16,10.396968003234178,17.759969767388345,0.5854158615926002,11,2,1,0,2.0,1,3.0,18.0,4466.972906018493,4401.80356255871,17.0,0.5882352941176471,0.52,2,False,9,3,11,22.0,7.9,0.0,0,11.2,0.7944625407166122,-2.975570032573291,-18.25461454940282,-0.004234527687298595,0.0,0.0,0.0,1,35.0
2026-09-16,2026-09-17,16.547726002425634,18.948937369637427,0.8732798932008007,12,3,1,0,2.0,1,3.0,19.0,5834.47967951387,4783.541247899489,35.0,0.5631067961165048,0.5294117647058824,3,False,9,3,12,22.5,9.5,0.0,0,8.2,1.4944625407166114,-1.2934853420195438,-18.702497285559172,-3.133550488599349,0.0,0.0,0.0,0,0.0
2026-09-17,2026-09-18,12.410794501819225,17.64211410276588,0.7034754695228672,13,0,0,0,1.0,0,3.0,19.0,4375.859759635403,4453.641851492627,0.0,0.5728155339805825,0.5192307692307693,4,False,9,3,13,20.5,10.8,0.0,0,9.6,-0.3000000000000007,0.11237785016286672,-19.068946796959825,-1.743973941368079,0.0,0.0,0.0,1,180.0
2026-09-18,2026-09-19,54.30809587636442,28.83920968188547,1.883133985827514,0,1,1,1,1.0,0,4.0,20.0,7098.394819726553,5199.32172380348,180.0,0.49514563106796117,0.5283018867924528,5,False,9,3,0,19.2,9.4,0.0,0,7.5,-1.447231270358305,-1.1563517915309447,-19.353963083604775,-3.8332247557003267,0.0,0.0,0.0,0,0.0
2026-09-19,2026-09-20,40.73107190727332,26.850298669341644,1.516969044138831,1,0,0,0,1.0,0,4.0,20.0,5323.7961147949145,4840.747811817033,0.0,0.32038834951456313,0.5185185185185185,6,False,9,3,1,20.5,8.9,0.0,0,8.0,0.017915309446255634,-1.5798045602605857,-20.03257328990228,-3.395439739413682,0.0,0.0,0.0,0,0.0
2026-09-20,2026-09-21,30.54830393045499,24.998553933524978,1.222002841111836,2,0,0,0,0.0,0,4.0,20.0,3992.847086096186,4506.903135139996,0.0,0.5048543689320388,0.509090909090909,0,False,9,3,2,19.7,9.0,0.0,0,6.5,-0.6237785016286637,-1.3876221498371333,-20.35830618892508,-4.9592833876221505,0.0,0.0,0.0,1,38.0
2026-09-21,2026-09-22,32.41122794784124,25.89520538638532,1.2516304645678458,3,1,1,0,1.0,0,4.0,20.0,5538.88531457214,4897.94429823379,38.0,0.5825242718446602,0.5178571428571429,1,False,9,3,3,19.6,12.4,0.0,0,10.1,-0.5602605863192167,2.133550488599349,-20.83333333333333,-1.3355048859934868,0.0,0.0,0.0,1,42.0
2026-09-22,2026-09-23,34.80842096088093,27.005880876979436,1.2889200363226292,0,2,1,1,2.0,1,4.0,20.0,6538.1639859291045,5217.810208700425,42.0,0.5922330097087378,0.5263157894736842,2,False,9,3,4,17.5,9.7,4.166666666666666,1,11.6,-2.4925081433224783,-0.4465798045602618,-16.585233441910972,0.17394136807817517,0.0,0.0,20.0,1,90.0
2026-09-23,2026-09-24,48.606315720660696,31.350302885463613,1.5504257135326844,0,3,1,1,2.0,1,4.0,20.0,8060.122989446829,5728.719849479706,90.0,0.5576923076923077,0.5344827586206896,3,False,9,3,0,16.3,7.6,8.333333333333332,1,9.4,-3.50130293159609,-2.4622149837133573,-12.975027144408251,-2.10814332247557,0.0,0.0,0.0,1,15.0
2026-09-24,2026-09-25,40.204736790495524,30.222695789914397,1.3302829459677858,1,4,1,0,2.0,1,5.0,20.0,7413.592242085122,5711.152963308692,15.0,0.5769230769230769,0.5423728813559322,4,False,9,3,1,15.7,9.6,70.83333333333334,1,29.1,-3.8869706840390883,-0.355700325732899,49.11780673181325,17.4814332247557,100.0,71.42857142857143,80.0,1,25.0
2026-09-25,2026-09-26,36.40355259287164,29.862509873368577,1.2190386122010586,2,5,1,0,2.0,1,5.0,21.0,7575.694181563842,5873.280345149472,25.0,0.49038461538461536,0.55,5,False,9,3,2,16.6,7.3,0.0,0,13.1,-2.7781758957654716,-2.503583061889251,-22.01411509229099,1.4498371335504867,0.0,0.0,0.0,1,5.0
